word,translation,freq,category,example,diff
30-second chair stand,30秒椅子起立测试,1,assessment,30-Second Chair Stand test (188),hard
aacpdm,美国脑瘫与发育医学学会,2,musculoskeletal,A systematic review of the effectiveness of aerobic exercise interventions for c,hard
able-bodied,健全的,5,physiology,Other authors have advocated for volumes of moderate-to- vigorous intensity exer,hard
above-mentioned,上述的,1,physiology,government employees are not covered by the above-mentioned copyright.,hard
absolute contraindication,绝对禁忌证,5,prescription,Box 4.1 provides a list of conditions that preclude exercise testing (absolute c,hard
absorptiometry,吸收测量法,11,musculoskeletal,Body fat percentage determined from skinfold thickness measurements correlates w,hard
absorptiometry-based,absorptiometry基础的,1,musculoskeletal,Dual-energy X-ray absorptiometry-based body volume measurement for 4-compartment,hard
acc,美国心脏病学会,41,physiology,2013 AHA/ACC/TOS guideline for the management of overweight and obesity in adult,easy
accelerometer,加速度计,2,musculoskeletal,"Accelerometer-measured dose-response for physical activity, sedentary time, and ",hard
accelerometer-derived,加速度计衍生的,1,musculoskeletal,Accelerometer-derived physical activity and sedentary time by cancer type in the,hard
accelerometer-measured,加速度计测量的,1,musculoskeletal,"Accelerometer-measured dose-response for physical activity, sedentary time, and ",hard
accelerometers,加速度计,2,musculoskeletal,"Related strategies or interventions may include recommending community, home, or",hard
accelerometry,加速度测量法,1,musculoskeletal,Accelerometry-assessed latent class patterns of physical activity and sedentary ,hard
accelerometry-assessed,加速度测量评估的,1,musculoskeletal,Accelerometry-assessed latent class patterns of physical activity and sedentary ,hard
accp,美国胸科医师学会,3,musculoskeletal,ATS/ACCP statement on cardiopulmonary exercise testing.,hard
acetazolamide,乙酰唑胺,5,cardiovascular,"The most common medication used is acetazolamide (i.e., Diamox) and is used as p",hard
acp,急性胸痛,1,musculoskeletal,"11. Fihn SD, Gardin JM, Abrams J, et al. 2012 ACCF/AHA/ACP/AATS/PCNA/SCAI/STS gu",hard
acpm,美国预防医学学会,3,musculoskeletal,2018 AHA/ACC/AACVPR/AAPA/ABC/ACPM/ADA/AGS/APhA/ASPC/NLA/PCNA Guideline on the Ma,hard
acquisition,acquisi过程,1,fitness,"intellectual functioning (knowledge acquisition, problem solving, logic",hard
action-oriented,行动导向的,1,physiology,Action-oriented: Goals should indicate what needs to be done.,hard
active recovery,主动恢复,2,prescription,"Therefore, if the primary indication of the test is suspected IHD and nonsignifi",hard
activity limitation,活动受限,3,cardiovascular,Vital signs: prevalence of doctor-diagnosed arthritis and arthritis-attributable,hard
activity-associated,activity相关的,1,assessment,These factors are included because the risk for activity-associated sudden cardi,hard
activity-induced,activity引起的,1,physiology,"In practice, increased efforts need to be made to get people with ID and DS into",hard
activity-related,activity相关的,1,physiology,Physical Functioning in Low Back Pain: Exploring Different Activity-Related Beha,hard
acute low back pain,急性腰痛,1,physiology,43. University of Michigan Health System. Acute Low Back Pain,hard
acute mountain sickness,急性高山病,4,physiology,"Beginning within hours of a rapid ascent to a given altitude, AMS may begin to p",hard
adenosine-stress,腺苷应激,1,cardiovascular,"symptoms of CAD, found that screening with adenosine-stress radionuclide",hard
adiposity,肥胖,15,fitness,"Moreover, the distribution of body weight and composition proportions are known ",medium
aerobic threshold,有氧阈,3,assessment,,hard
aerobic-based,有氧基础的,2,physiology,"However, interval training is not limited to only aerobic-based exercises (e.g.,",hard
aerobic-type,有氧类型,1,cardiovascular,An Ex Rx featuring moderate-to-vigorous intensity continuous training consisting,hard
aetiology,病因学,1,physiology,Aetiology of sudden cardiac death in athletes in the United Kingdom: a pathologi,hard
affect-based,affect基础的,1,physiology,Affect-based exercise prescription: An idea whose time has come?,hard
affect-guided,affect指导的,1,physiology,Cardiorespiratory fitness moderates the effect of an affect-guided physical acti,hard
african-american,非裔美国人,1,physiology,"Furthermore, death rates seem to be higher in African American male athletes and",hard
aging-alzheimer,衰老-阿尔茨海默,1,metabolism,Toward defining the preclinical stages of Alzheimer’s disease: recommendations f,hard
aging-related,衰老相关的,2,metabolism,Federal Interagency Forum on Aging-Related Statistics.,hard
agiovlasitis,agiovlasitis炎,2,fitness,"Reviewers for Eleventh Edition Statamis Agiovlasitis, PhD, FACSM, ACSM-CEP Missi",hard
agreed-upon,商定的,1,metabolism,Adheres to all agreed-upon terms with each client and stays within the scope of ,hard
aha,美国心脏协会,62,physiology,As a result of an increasing awareness of the adverse health effects of physical,easy
ahrmax,最大心率储备,1,physiology,aHRmax/peak is the highest value obtained during maximal/peak exercise or it can,hard
air displacement plethysmography,空气置换体积描记法,4,metabolism,Body fat percentage determined from skinfold thickness measurements correlates w,hard
aldosterone,醛固酮,1,metabolism,"The principal causes of secondary hypertension are chronic kidney disease, renal",hard
alkalosis,碱中毒,1,physiology,"These responses then produce a respiratory alkalosis, which leads to renal compe",hard
allodynia,痛觉过敏,2,physiology,Hyperalgesia (increased pain in response to normally painful stimuli) and/or all,hard
altitude sickness,高原病,13,physiology,"At this altitude, individuals will experience small decrements in physical perfo",hard
altitude-related,高原相关的,2,physiology,When moderate-to-severe symptoms and signs of an altitude-related sickness devel,hard
alveolar,肺泡的,1,physiology,Interstitial Lung Disease Interstitial lung disease (ILD) encompasses a group of,hard
alzheimer disease,阿尔茨海默病,4,rehabilitation,Alzheimer disease in the United States (2010–2050) estimated using the 2010 cens,hard
alzheimer-related,alzheimer相关的,1,rehabilitation,Cardiopulmonary exercise testing is well tolerated in people with Alzheimer-rela,hard
alzheimer-type,阿尔茨海默型,1,cardiovascular,Physical activity interventions in preventing cognitive decline and Alzheimer-ty,hard
amphetamine,安非他命,1,cardiovascular,"preferences, stimulants (such as amphetamine or methylphenidate) are",hard
ample,充足的,8,physiology,"Provided ample systematic reviews and meta-analyses, an overview of reviews can ",medium
amplification,放大,1,physiology,Evidence suggests that fibromyalgia is in part a central nervous system (CNS)-dr,hard
amplifies,放大,1,physiology,High-intensity resistance training amplifies muscle hypertrophy and functional g,hard
amplitude,幅度,11,physiology,Box 11.1 Common Movement Disorders in Individuals with Parkinson’s Disease (258),medium
amputation,截肢,2,musculoskeletal,"These can be useful options for individuals with balance issues, amputation, ext",hard
ams,急性高山病,22,musculoskeletal,"Beginning within hours of a rapid ascent to a given altitude, AMS may begin to p",easy
amyocardial,心肌的,1,cardiovascular,"(149) 1982– 1998 292,254 1/146,127d 1/97,418d 0/292,254 1/58,451 Average 1/116,9",hard
anabolic,合成代谢的,3,physiology,"Additionally, the use of oral anabolic steroids has been associated with a 20%–7",hard
anaerobic threshold,无氧阈,3,cardiovascular,Anaerobic threshold and respiratory gas exchange during exercise.,hard
androgenic-anabolic,androgenic-anabol的,1,physiology,Hormonal Human growth hormone ↔ Rest and exercise ↔ ↔ ↑ Performance and V∙ O2max,hard
aneurysm,动脉瘤,1,physiology,Coronary artery aneurysm,hard
angina,心绞痛,44,cardiovascular,The clinical exercise test typically continues until the individual reaches a si,easy
angina-like,心绞痛样,1,cardiovascular,Onset of angina or angina-like symptoms,hard
angiography,血管造影,7,metabolism,Both are appropriate for individuals with or without a history of IHD being cons,medium
angiotensin-converting,血管紧张素转换,3,metabolism,"He takes a statin, an angiotensin-converting enzyme (ACE) inhibitor, and aspirin",hard
angiotensin-neprilysin,血管紧张素-脑啡肽酶,1,metabolism,Effects of angiotensin-neprilysin inhibition compared to angiotensin inhibition ,hard
anhydrosis,无汗症,1,physiology,"During exercise, autonomic neuropathy may cause chronotropic incompetence (i.e.,",hard
ankle-brachial,踝肱,1,physiology,Limitation of the resting ankle-brachial index in symptomatic patients with peri,hard
ankylosing spondylitis,强直性脊柱炎,4,musculoskeletal,Physiotherapy interventions for ankylosing spondylitis.,hard
anthropometric,人体测量的,12,musculoskeletal,"Anthropometric Methods Height, Weight, and Body Mass Index Body weight should be",hard
anthropometrical,人体测量的,1,musculoskeletal,"interval training on selected anthropometrical, physiological and functional par",hard
anthropometrics,人体测量学,2,musculoskeletal,Assessment of body composition and anthropometrics in ID is important because of,hard
anthropometry,人体测量法,2,musculoskeletal,Prediction of one repetition maximum strength from multiple repetition maximum t,hard
anti-doping,反兴奋剂,5,physiology,Most of the common asthma treatment medications are permitted in athletic compet,hard
anti-hypertensive,抗高血压药,1,cardiovascular,Resistance training to re- duce resting blood pressure and increase muscle stren,hard
anti-inflammatory,抗炎的,3,physiology,"Thus, regular exercise plays an important role in weight control and achieving a",hard
antiplatelet,抗血小板药,1,physiology,She reports no signs or symptoms and takes a cholesterol-lowering statin and ant,hard
antithromboembolic,抗血栓栓塞的,1,musculoskeletal,"compressive antithromboembolic stockings, an elastic abdominal binder, electrica",hard
anxiety-inducing,诱导焦虑的,1,assessment,"Importantly, this also means that participation in these types of activities may",hard
aortic stenosis,主动脉瓣狭窄,9,cardiovascular,These data clearly indicate that the most common causes of SCD in young individu,hard
apolipoprotein,载脂蛋白,1,metabolism,"syndrome; apoB, apolipoprotein B; ASCVD, atherosclerotic cardiovascular disease;",hard
aquatic exercise,水中运动,5,assessment,"Type Activities with low joint stress, such as walking, cycling, swimming, or aq",hard
aquatic-based,aquatic基础的,1,physiology,These effects are reported for land- and aquatic-based exercise training and for,hard
arm curl,臂弯举测试,3,assessment,"Meanwhile, strength can be evaluated by manual muscle testing, arm curl tests, R",hard
arrhythmia,心律失常,3,cardiovascular,Uncontrolled cardiac arrhythmia with hemodynamic compromise,hard
arterial,动脉的,51,physiology,Exercise & Sports Science Australia (ESSA) position statement on exercise prescr,easy
arterial-venous,动静脉的,1,cardiovascular,V∙ O2max is the product of the maximal cardiac output (Q·; L blood ∙ min−1) and ,hard
arteries,动脉,4,physiology,"Includes aberrant artery origin and course, tunneled arteries, and other abnorma",hard
arteriosclerosis,动脉硬化,1,physiology,"diometabolic Health; Council on Arteriosclerosis, Throm-",hard
arteriovenous,动静脉的,5,cardiovascular,Palpitations also often result from anxiety states and high cardiac output (or h,hard
arthralgia,关节痛,1,metabolism,"arthralgia,",hard
arthritis-attributable,关节炎导致的,2,physiology,Vital signs: prevalence of doctor-diagnosed arthritis and arthritis-attributable,hard
arthritis-related,关节炎相关的,1,physiology,"Among adults in the United States, approximately 23% (54.4 million) report havin",hard
asbestosis,石棉肺,1,physiology,"These disorders include IPF, asbestosis, sarcoidosis, and drug-induced pneumonit",hard
asd,自闭症谱系障碍,55,physiology,"In all, ASD is a heterogeneous condition with multiple developmental trajectorie",easy
asthma,哮喘,52,physiology,"dysrhythmias; peripheral vascular disease; pulmonary disease including asthma, e",easy
asymmetric,不对称的,1,musculoskeletal,"Usually, it is asymmetric and can be suppressed by voluntary activity, sleep, an",hard
asymmetry,不对称,1,musculoskeletal,Association of y balance test reach asymmetry and injury in division I athletes.,hard
atherectomy,斑块旋切术,1,physiology,"Uncomplicated MI, CABG, angioplasty, atherectomy, or stent:",hard
atherosclerosis,动脉粥样硬化,8,cardiovascular,"Among those 30–35 yr and older, exercise-related SCD can most often be attribute",hard
atherosclerosis-related,动脉粥样硬化相关的,1,cardiovascular,"Specifically, atherosclerosis-related complications are associated with exercise",hard
athetosis,手足徐动症,1,physiology,,hard
atlanto-occipital,寰枕的,2,assessment,Prevalence of atlanto-occipital and atlantoaxial instability in adults with Down,hard
atp,三磷酸腺苷,6,physiology,fThese values have been updated from those originally presented to ensure consis,medium
atrial fibrillation,心房颤动,5,physiology,"Lastly, the resting ECG should be examined for abnormalities that may preclude t",hard
atrioventricular block,房室传导阻滞,2,cardiovascular,"atrioventricular block, that interferes with normal maintenance of cardiac outpu",hard
ats,美国胸科学会,5,physiology,The American Thoracic Society and European Respiratory Society have published te,medium
attention-deficit,注意缺陷,11,assessment,ATTENTION-DEFICIT/HYPERACTIVITY DISORDER Attention-deficit/hyperactivity disorde,hard
autism spectrum disorder,自闭症谱系障碍,25,cardiovascular,"In all, ASD is a heterogeneous condition with multiple developmental trajectorie",easy
autoimmune,自身免疫的,4,physiology,T1DM is most often caused by the autoimmune destruction of the insulin producing,hard
av block,房室传导阻滞,2,physiology,Specific indications for pacemakers include sick sinus syndrome with symptomatic,hard
avoidance-endurance,回避-耐力,1,physiology,Fear-avoidance- and endurance- related responses to pain: development and valida,hard
axonal,轴突的,1,physiology,The resulting effects of these immune responses include axonal or neuronal loss ,hard
back scratch,后背抓挠测试,1,rehabilitation,"Flexibility can be assessed with goniometry, the sit-and- reach test, and the ba",hard
back-saver,背部保护,1,physiology,"flexibility (i.e., back-saver sit-and-reach test and shoulder stretch) (33).",hard
back-scratch,背部抓挠,1,rehabilitation,"Flexibility can be assessed with goniometry, the sit-and- reach test, and the ba",hard
balance error scoring system,平衡错误评分系统,1,physiology,Two common field assessments of balance are the Balance Error Scoring System (BE,hard
balance training,平衡训练,21,fitness,"physical fitness. However, balance training can reduce the risk of ankle sprains",easy
balke,Balke方案,2,physiology,"Because of the low functional capacity in this population, more conservative tre",hard
ballistic stretching,弹震式拉伸,2,prescription,Even though PNF stretching has been suggested to yield greater gains than static,hard
bariatric,减重的,17,physiology,Bariatric Surgery Surgery for weight loss may be indicated for individuals with ,medium
bariatric surgery,减重手术,16,physiology,Bariatric Surgery Surgery for weight loss may be indicated for individuals with ,hard
barometric,气压的,1,musculoskeletal,Monitor the weather: A drop in barometric pressure with worsening weather can mo,hard
basement,base过程,1,assessment,"Conversely, another individual may start an exercise program, work too hard and ",hard
bess,平衡误差评分系统,5,physiology,Two common field assessments of balance are the Balance Error Scoring System (BE,medium
beta-adrenergic,β肾上腺素能的,2,metabolism,Predicting maximum heart rate among patients with coronary heart disease receivi,hard
beta-hydroxy-beta-methyl,β-羟基-β-甲基,1,musculoskeletal,An umbrella re- view of systematic reviews of beta-hydroxy-beta-methyl butyr- at,hard
between-study,研究间,1,physiology,There remains some debate regarding the between-study variability of incidence r,hard
between-subject,受试者间,1,physiology,Several methods have been used to convert loads between %1RM and repetition maxi,hard
bgrade,B级,1,assessment,"bGrade is grade percentage expressed in decimal format (e.g., 10% = 0.10).",hard
bia,生物电阻抗分析,7,assessment,Bioelectrical impedance analysis (BIA) is occasionally used as an assessment tec,medium
binder-macleod,宾德-麦克劳德,1,musculoskeletal,"131. Stackhouse SK, Binder-Macleod SA, Lee SC. Voluntary muscle",hard
bioelectrical impedance analysis,生物电阻抗分析,3,cardiovascular,Bioelectrical impedance analysis (BIA) is occasionally used as an assessment tec,hard
biogenesis,生物发生,1,physiology,Resistance training increases muscle mitochondrial biogenesis in patients with c,hard
biology,生物学,5,physiology,bosis and Vascular Biology; Council on Clinical Cardiology;,medium
biopsychosocial,生物心理社会的,2,assessment,"The biopsychosocial model is the prevailing framework used for understanding, ma",hard
biopsychosocial model,生物心理社会模式,1,rehabilitation,"The biopsychosocial model is the prevailing framework used for understanding, ma",hard
blanco-rambo,布兰科-兰博,1,physiology,"Bandeira-Guimaraes M, Blanco-Rambo E, Vieira AF, et al.",hard
blasco-lafarga,布拉斯科-拉法尔加,1,physiology,"Rodrigo-Mallorca D, Loaiza-Betancur AF, Monteagudo P, Blasco-Lafarga C, Chulvi-M",hard
block periodization,板块周期化,1,prescription,Periodization and block periodization in sports: emphasis on strength-power trai,hard
blood,血液,231,physiology,"Training to momentary muscle fatigue, equipment type, exercise complexity, set s",easy
blood flow restriction,血流限制训练,8,physiology,"Training to momentary muscle fatigue, equipment type, exercise complexity, set s",hard
blood pressure,血压,87,rehabilitation,Resistance training to re- duce resting blood pressure and increase muscle stren,easy
blood-tinged,带血的,1,physiology,"Initial symptoms include shortness of breath with exertion, progressing to short",hard
bmd,贝克肌营养不良,12,musculoskeletal,"However, age, sex, race, training status, and certain disease states may affect ",medium
bmet,生物医学工程技术员,1,musculoskeletal,bMET values can vary substantially from individual to individual during swimming,hard
bmi,身体质量指数,55,cardiovascular,"Although her body mass index (BMI) is slightly above normal, she reports no sign",easy
bocanegra-parrilla,博卡内格拉-帕里利亚,1,musculoskeletal,"Mayorga-Vega D, Bocanegra-Parrilla R, Ornelas M, Viciana J.",hard
body composition,身体成分,73,fitness,"Effects of short-term strength training on body composition, muscle strength and",easy
borg,Borg量表,37,physiology,"Two RPE scales are widely used: (a) the original Borg or category scale, which r",easy
borg scale,Borg量表,7,prescription,"More recently, the Lifestyle Interventions and Independence for Elders (LIFE) st",hard
borges-cosic,borges-cos的,1,physiology,"Segura-Jiménez V, Borges-Cosic M, Soriano-Maldonado A, et al.",hard
borrell-carri,博雷尔-卡里,1,physiology,,hard
borthwick-duffy,博思威克-达菲,1,physiology,"Schalock RL, Borthwick-Duffy SA, Bradley VJ, et al.",hard
bottom-line,底线,2,musculoskeletal,"The details, bottom-line statement, standardized effectiveness statement, and Qo",hard
bradycardia,心动过缓,7,physiology,"These include tachycardia, bradycardia of sudden onset, ectopic beats, compensat",medium
brain,脑,64,physiology,The 11th edition of the Guidelines presents a new chapter focused on the role of,easy
brain-computer,脑机,1,physiology,"[BWSTT], robotic exoskeletons), and other hybrid forms including brain-computer ",hard
brain-derived,脑源性,3,physiology,Treadmill exercise and methylphenidate ameliorate symptoms of attention deficit/,hard
brain-related,脑相关的,13,physiology,Chapter 11: Brain Health and Brain-Related Disorders,hard
brainstorm,头脑风暴,1,physiology,"steps: (a) identify the barrier, (b) brainstorm ways to overcome the barrier,",hard
brainstorming,头脑风暴,1,cardiovascular,(c) select a strategy generated in brainstorming viewed as most likely to be,hard
breast-cancer-related,breast-cancer相关的,1,physiology,Weight lifting in women with breast-cancer-related lymphedema.,hard
breath-holding,屏气,1,physiology,Inhaling and breath-holding while engaging in the actual lifting of a weight (i.,hard
brefel-courbon,布雷费尔-库尔邦,1,physiology,"Senard JM, Brefel-Courbon C, Rascol O, Montastruc JL.",hard
broad-reaching,广泛的,1,physiology,"It should be a core component of physical fit- ness programming, as it has broad",hard
brochures,手册,1,physiology,"One common, erroneous assumption people make when culturally tailoring approache",hard
bronchial,支气管的,2,physiology,Effect of physical training on airway inflammation in bronchial asthma: a system,hard
bronchiectasis,支气管扩张,2,physiology,Rehabilitation in patients with chronic respiratory disease other than chronic o,hard
bronchioles,细支气管,1,physiology,"airspaces distal to the terminal bronchioles, accompanied by",hard
bronchitis,支气管炎,6,physiology,"Additionally, many individuals may develop a sore throat and bronchitis from dri",medium
bronchoconstriction,支气管收缩,18,physiology,An official American Thoracic Society clinical practice guideline: exercise-indu,hard
bronchodilation,支气管扩张,2,physiology,Prospective validation of the endurance shuttle walking test in the context of b,hard
bronchodilator,支气管扩张剂,3,physiology,"Administration of an inhaled bronchodilator (i.e., β2-agonists) (see Appendix A)",hard
bronchodilators,支气管扩张剂,9,physiology,Immediate administration of nebulized bronchodilators with oxygen is usually suc,hard
bronchospasm,支气管痉挛,1,physiology,bronchospasm that is mostly reversible,hard
bruce,Bruce方案,11,physiology,"138. Irving JB, Bruce RA, DeRouen TA. Variations in and significance of systolic",medium
bruininks-oseretsky,布鲁因inks-奥瑟雷茨基,1,physiology,Bruininks-Oseretsky Test of Motor,hard
bscpt,理疗学士,1,musculoskeletal,"Tom Overend, BPE, BScPT, MA, PhD",hard
bundle-branch,束支,5,physiology,"mm of ST-segment depression on their resting ECG, or left bundle-branch block (L",hard
bundle-branch block,束支传导阻滞,5,physiology,"mm of ST-segment depression on their resting ECG, or left bundle-branch block (L",hard
burnout,倦怠,1,cardiovascular,Explore different types of activities they can do to avoid burnout.,hard
burpees,波比跳,1,cardiovascular,"High Intensity Functional Training (HIFT): three rounds for time of: 400-m run, ",hard
cad,冠状动脉疾病,10,physiology,Williams (21) performed a meta-analysis of 23 sex- specific cohorts reporting va,medium
calorimetry,测热法,4,musculoskeletal,Open circuit spirometry is used to measure V∙ O2max during a graded incremental ,hard
camp,营地,4,physiology,TABLE 1.3 • Cardiovascular Causes of Exercise-Related Sudden Death in Young Athl,hard
campaign,活动,1,physiology,"there is a campaign to promote awareness of the path, perhaps combined",hard
campaigns,活动,1,physiology,Influence of health professionals  Community norms  Cultural background  Social ,hard
camping,露营,1,physiology,"The likelihood of trench foot in most sporting activities is low, except in wint",hard
camps,营地,1,musculoskeletal,"For example, a host of interventions have been demonstrated to positively affect",hard
campus,校园,4,physiology,"Since becoming an accountant 6 mo ago, she no longer walks across campus or play",hard
cancer rehabilitation,癌症康复,1,rehabilitation,Impairment-driven cancer rehabilitation: an essential component of quality care ,hard
cancer survivor,癌症幸存者,71,physiology,"testing is not required before walking, resistance, or flexibility activities (7",easy
cancer-related,癌症相关的,6,physiology,Higher volumes of PA are associated with lower risk of developing 13 types of ca,hard
cancer-specific,癌症特异性的,4,cardiovascular,Emerging evidence also suggests that sedentary behavior and screen-based activit,hard
capillary,毛细血管,2,cardiovascular,exercise peripheral capillary oxygen saturation (SpO2) levels >90% due,hard
cardiac-related,心脏相关的,1,cardiovascular,occurrence of a cardiac-related event during exercise training (see Box 2.2).,hard
cardio,有氧,1,physiology,Associations of sitting accumulation patterns with cardio-metabolic risk biomark,hard
cardio-metabolic,心脏代谢的,2,musculoskeletal,Numerous cross-sectional studies have indicated that sedentary behavior is posit,hard
cardio-respiratory,心肺的,2,physiology,Quantity and quality of exercise for developing and maintaining cardiorespirator,hard
cardiogenic,cardiogenic源的,1,physiology,"MI or cardiac surgery complicated by cardiogenic shock, CHF, and/or signs/sympto",hard
cardiol,心脏病学,63,physiology,Eur J Prev Cardiol.,easy
cardiolite,心显像剂,1,physiology,Myocardial perfusion imaging can be performed with a variety of agents and imagi,hard
cardiologist,心脏病学家,3,metabolism,"During the last visit with his cardiologist, which took place 2 yr ago, the card",hard
cardiology,心脏病学,63,physiology,bosis and Vascular Biology; Council on Clinical Cardiology;,easy
cardiometabolic,心脏代谢的,19,musculoskeletal,Numerous cross-sectional studies have indicated that sedentary behavior is posit,hard
cardiomyopathy,心肌病,11,physiology,These data clearly indicate that the most common causes of SCD in young individu,hard
cardioprotective,cardioprotec的,2,rehabilitation,Because of the cardioprotective effect of high-density lipoprotein cholesterol (,hard
cardiopulm,心肺,36,physiology,"utilization, interpretation, and safety in the VAHCS. J Cardiopulm Rehabil.",easy
cardiopulmonary,心肺的,52,physiology,Safety of symptom-limited cardiopulmonary exercise testing in patients with chro,easy
cardiopulmonary exercise test,心肺运动试验,24,prescription,"When an exercise test includes the analysis of expired gases during exercise, it",easy
cardiorenal,心肾的,1,physiology,High intensity interval training favourably affects angiotensinogen mRNA express,hard
cardiorespiratory,心肺的,121,physiology,Quantity and quality of exercise for developing and maintaining cardiorespirator,easy
cardiorespiratory fitness,心肺适能,59,fitness,Midlife cardiorespiratory fitness and the long-term risk of mortality: 46 years ,easy
cardioselective,cardioselec的,1,physiology,cardioselective,hard
cardiotoxicity,cardiotoxicity毒性,2,assessment,"However, requiring medical assessment for metastatic disease and cardiotoxicity ",hard
cardiovasc,心血管,17,physiology,systematic review and meta-analysis. Eur J Cardiovasc Prev Rehabil. 2008;15(3):2,medium
cardiovascular,心血管的,280,physiology,"Weight training and risk of all-cause, cardiovascular disease and cancer mortali",easy
cardiovascular-related,cardiovascular相关的,1,physiology,cardiovascular-related pathology (5).,hard
cardioversion,心脏复律,1,rehabilitation,"If unsuccessful, they can then deliver an electrical shock (i.e., electrical car",hard
cardioverter,心脏复律器,9,physiology,"However, prior studies likely overestimate the risk of today’s individuals given",medium
cardioverter-defibrillator,心脏复律除颤器,1,physiology,"However, prior studies likely overestimate the risk of today’s individuals given",hard
carpenter,卡彭特,1,cardiovascular,"Blair SN, Dunn AL, Marcus BH, Carpenter RA, Jaret P.",hard
carpentry,木工,1,cardiovascular,Carpentry — general = 3.6,hard
carpet,地毯,1,cardiovascular,"Sweeping floors or carpet,",hard
carrasco-poyatos,卡拉斯科-波亚托斯,1,physiology,"Ramos-Campo DJ, Andreu-Caravaca L, Carrasco-Poyatos M, Benito PJ, Rubio-Arias JA",hard
cartilage,软骨,2,musculoskeletal,"swelling (inflammation) of the joint lining (synovitis), damage to articular car",hard
catechol-o-methyltransferase,儿茶酚-O-甲基转移酶,1,musculoskeletal,"COMTIs, catechol-O-methyltransferase inhibitors; ICDs, impulse control disorders",hard
category-ratio,类别比率,6,physiology,"Two RPE scales are widely used: (a) the original Borg or category scale, which r",hard
category-ratio scale,分类比率量表,4,prescription,"Two RPE scales are widely used: (a) the original Borg or category scale, which r",hard
caucasian,白种人,6,assessment,It is important to note that these risk criteria are based on data derived from ,medium
caucasians,白种人,1,assessment,"The Pennington Center Longitudinal Study found that BMI, along with other measur",hard
cause-specific,cause特异性的,3,cardiovascular,"Physical activity, sedentary behavior, and cause-specific mortality in black and",hard
cdc,美国疾病控制与预防中心,11,physiology,"PUBLIC HEALTH PERSPECTIVE FOR CURRENT RECOMMENDATIONS More than 20 yr ago, the A",medium
center-based,中心为基础的,4,physiology,"Interestingly, however, a review of home-based cardiac rehabilitation programs f",hard
centimeter,厘米,1,prescription,where m = distance in meters; yr = year; kg = kilogram; cm = centimeter; RPP =,hard
centimeters,厘米,1,prescription,All values are in centimeters.,hard
cerebral palsy,脑瘫,63,musculoskeletal,"Sisson SB, Katzmarzyk PT, Earnest CP, Bouchard C, Blair SN, Church TS.",easy
cerebrovascular,脑血管的,16,physiology,Stroke rehabilitation using exercise is becoming an important therapy for those ,hard
cerebrovascular accident,脑血管意外,7,musculoskeletal,INDIVIDUALS WITH A CEREBROVASCULAR ACCIDENT (STROKE) When blood flow to a region,hard
cerebrovasculature,cerebrovasculat过程,1,physiology,"When exercising, individuals should always be in a seated position (to ensure an",hard
cerrillo-urbina,塞里略-乌尔维纳,1,physiology,"Cerrillo-Urbina AJ, García-Hermoso A, Sánchez-López M, Martínez-Vizcaíno V.",hard
certification-related,certification相关的,1,physiology,ACSM Certification-Related Content Advisory Committee Chair: Dierdra,hard
chair-rise,椅子起立,1,physiology,Simple equations to predict concentric lower-body muscular power in older adults,hard
champaign,香槟（地名）,42,physiology,ACSM’s Health/Fitness Facility Standards and Guidelines. Champaign (IL): Human K,easy
chemotherapy,化疗,4,physiology,"However, the potential for an adverse cardiopulmonary event might be higher amon",hard
chemotherapy-induced,chemotherapy引起的,2,physiology,"Falls, functioning, and disability among women with persistent symptoms of chemo",hard
children-adolescents,儿童青少年,2,physiology,The prevalence of ADHD worldwide is approximately 5% in children-adolescents and,hard
cholesterol,胆固醇,46,physiology,She reports no signs or symptoms and takes a cholesterol-lowering statin and ant,easy
cholesterol-lowering,cholesterol降低,2,physiology,She reports no signs or symptoms and takes a cholesterol-lowering statin and ant,hard
choreoathetosis,choreoathetosis症,1,physiology,Dyskinesia may be further divided as dystonia and choreoathetosis (119).,hard
chronic disease,慢性疾病,80,physiology,"Beyond attenuating chronic disease risks, additional conclusions regarding the b",easy
chronic low back pain,慢性腰痛,12,physiology,Intensive dynamic back exercises for chronic low back pain: a clinical trial.,hard
chronic obstructive pulmonary disease,慢性阻塞性肺疾病,30,physiology,"However, chronic obstructive pulmonary disease (COPD) and CVD are often comorbid",easy
chronic-fatigue,慢性疲劳,1,physiology,"Several submaximal exercise tests are reliable, valid and acceptable in people w",hard
chulvi-medrano,丘尔维-梅德拉诺,1,cardiovascular,"Rodrigo-Mallorca D, Loaiza-Betancur AF, Monteagudo P, Blasco-Lafarga C, Chulvi-M",hard
chung-chou,钟-周,1,physiology,"169. Freiberg MS, Chung-Chou HC, Skanderson M, et al. Association between HIV in",hard
church-based,church基础的,1,physiology,Healthy body/healthy spirit: a church-based nutrition and physical activity inte,hard
churchward-venne,丘奇沃德-文,1,physiology,"Burd NA, Mitchell CJ, Churchward-Venne TA, Phillips SM.",hard
circuit-based,circuit基础的,2,assessment,"Effects of resistance circuit-based train- ing on body composition, strength and",hard
cirer-sastre,西雷尔-萨斯特雷,1,physiology,"125. Cirer-Sastre R, Beltrán-Garrido JV, Corbi F. Contralateral",hard
cirrhosis,肝硬化,2,assessment,Generalized edema (known as anasarca) occurs in individuals with the nephrotic s,hard
classroom-based,classroom基础的,1,physiology,"Physical education, recess, and classroom-based PA interventions either enhance ",hard
claudication,跛行,26,cardiovascular,Exercise & Sports Science Australia (ESSA) position statement on exercise prescr,easy
climate-controlled,气候控制的,1,physiology,Conduct exercise testing in a climate-controlled room (72° to 74° F [22.2° to 24,hard
clinical-guidelines-on-the-identification-evaluation,clinical指南-on-the-identification-evaluation,1,physiology,resource/clinical-guidelines-on-the-identification-evaluation,hard
clinician-administered,临床医师执行的,1,cardiovascular,The ACR 2010 (used as a clinician-administered or a survey questionnaire) includ,hard
clinician-observed,临床医师观察的,1,assessment,BP; perceived exertion; clinical signs/symptoms or clinician-observed symptoms; ,hard
clinicopathological,clinicopath学的,1,metabolism,Spontaneous rupture of the quadriceps tendon in patients on maintenance hemodial,hard
clinimetric,临床测量的,1,musculoskeletal,Movement disorder society- sponsored revision of the Unified Parkinson’s Disease,hard
clothing,服装,33,physiology,"Anthropometric Methods Height, Weight, and Body Mass Index Body weight should be",easy
cochrane,Cochrane系统评价,38,physiology,"Ovid Emcare, Ovid Embase, Cochrane Database of Systematic Reviews, EBSCOhost SPO",easy
cocontraction,共同收缩,1,physiology,Eccentric training may decrease cocontraction and improve net torque development,hard
cognition-intention,cognition-inten过程,1,physiology,Moderation of cognition-intention and cognition- behaviour relations: a meta-ana,hard
cognitive decline,认知下降,11,physiology,Moderate intensity aerobic PA (especially those that combine a cognitive and phy,hard
cohen-mansfield,科恩-曼斯菲尔德,1,physiology,"Guralnik JM, Leveille S, Volpato S, Marx MS, Cohen-Mansfield J.",hard
cohen-solal,cohen-sol的,1,physiology,"40. Mezzani A, Agostoni P, Cohen-Solal A, et al. Standards for the use of cardio",hard
cohort study,队列研究,9,assessment,middle-aged and older adults: a national cohort study.,hard
cold water immersion,冷水浸泡,4,rehabilitation,Cold water immersion activates two powerful reflexes in the human body.,hard
cold-induced,cold引起的,1,physiology,Facial cold-induced vasodilation and skin temperature during exposure to cold wi,hard
cold-related,cold相关的,1,physiology,It is prudent for the exercise professional to understand the different predispo,hard
cold-weather,寒冷天气,1,physiology,EXERCISE IN COLD ENVIRONMENTS Individuals exercise and work in many cold weather,hard
colenso-semple,科伦索-森普尔,1,assessment,"164. Morton RW, Colenso-Semple L, Phillips SM. Training for",hard
college-aged,college年龄的,1,physiology,"Specifically designed for college-aged adults, the Webb protocol stepping cadenc",hard
community-based,社区为基础的,5,physiology,"Safety of cardiac rehabilitation in a medically supervised, community-based prog",hard
community-dwelling,社区居住的,5,physiology,"Effect of exercise on muscle mass, fat mass, bone mass, muscular strength and ph",hard
community-residing,社区居住的,1,physiology,"strength, speed/agility, and flexibility. This battery was originally developed ",hard
compendium of physical activities,体力活动纲要,7,cardiovascular,A comprehensive catalog of absolute intensity values for various behaviors and a,hard
complicated,复杂的,1,physiology,"MI or cardiac surgery complicated by cardiogenic shock, CHF, and/or signs/sympto",hard
complicates,使复杂化,1,physiology,Method of assessment also influences results and further complicates the definit,hard
composite,复合的,1,fitness,"The best anterior, posteromedial, and posterolateral score for the right leg are",hard
composition,成分,89,fitness,"Effects of short-term strength training on body composition, muscle strength and",easy
compression garment,压力服,2,rehabilitation,Women with lymphedema should wear a well-fitting compression garment during exer,hard
computer-averaged,计算机平均的,1,physiology,Automated computer-averaged complexes should not be relied on for interpretation,hard
concentric,向心的,13,physiology,"Power was enhanced by moderate loads (30%–70% one-repetition maximum), low-to-mo",medium
concentric-only,仅向心的,1,physiology,"Between RTx, hypertrophy was enhanced by RT performed with eccentric-only con- t",hard
concurrent training,同期训练,7,fitness,There were insuffi- cient data to determine if power was affected by fatigue/ fa,hard
confidence interval,置信区间,1,assessment,Data are means (95% confidence interval).,hard
constant-load,恒定负荷,1,assessment,Effects of interval-load versus constant-load training on the BODE index in COPD,hard
continuous-flow,连续流,3,physiology,"Due to the continuous flow of the LVAD (i.e., lacking pulsatile flow), BP (i.e.,",hard
continuous-scale,连续量表,1,physiology,<10 min ≤25th percentile of age-based norms Continuous Scale Physical Performanc,hard
contraceptives,避孕药,1,metabolism,mg ∙ dL−1 (5.33 mmol ∙ L−1). Currently taking oral contraceptives. Attends 45 mi,hard
contract,收缩,1,physiology,Proprioceptive neuromuscular facilitation (PNF) methods take several forms but t,hard
contract-relax,收缩-放松,1,physiology,Proprioceptive neuromuscular facilitation (PNF) methods take several forms but t,hard
contractile,收缩性的,3,physiology,Massage and stretching reduce spinal reflex excitability without affecting twitc,hard
contractility,收缩力,1,physiology,Coronary blood flow increases due to increased myocardial oxygen demand as a res,hard
contracting,收缩,1,musculoskeletal,muscles are exercised by contracting against external,hard
contraction,收缩,42,physiology,"Compared with no exercise (control), RT significantly improved muscle strength, ",easy
contractions,收缩,12,physiology,"versus moderate-slow (>2 s) contractions, morning ver-",medium
contractor,承包商,1,physiology,"28. Contractor AS, Gordon TL, Gordon NF. Hypertension. In: Ehrman JK, Gordon PM,",hard
contracture,挛缩,4,physiology,Muscles and joints with significant tightness or contracture may require longer ,hard
contractures,挛缩,6,physiology,"spasticity, joint contractures, depression, anxiety, fatigue, obesity, dyslipide",medium
contradictory,contradict的,1,physiology,These recommendations primarily refer to the volume of PA required to prevent we,hard
contraindicated,禁忌的,6,physiology,"Given the established importance of CRF, a greater emphasis should eventually be",hard
contraindication,禁忌证,10,prescription,Box 4.1 provides a list of conditions that preclude exercise testing (absolute c,hard
contraindications,禁忌证,43,prescription,"contraindications for testing (see Box 4.1), pretest likelihood of ischemic hear",easy
contralateral,对侧的,7,physiology,The impact of RT versus CTRL on strength in the untrained contralateral limb is ,hard
contrast,对比,12,physiology,Contrast: Alternating heavy and light loads set-to-set.,medium
cool-down,整理活动,18,prescription,An appropriate cool-down/recovery period should be initiated consisting of eithe,hard
cool-downs,整理活动,3,prescription,Although cool-downs have been suggested as an integral part of any exercise sess,hard
cooper,Cooper测试,17,cardiovascular,"(2,14) 1989 Cooper Clinic 71,914 0.56 0.29 0 NR Only 4% of men and 2% of women h",medium
copd,慢性阻塞性肺疾病,77,musculoskeletal,"However, chronic obstructive pulmonary disease (COPD) and CVD are often comorbid",easy
copd-patients,COPD患者,1,musculoskeletal,"Heavy resistance training increases muscle size, strength and physical function ",hard
cord-injured,脊髓损伤的,1,physiology,Regulating intensity using perceived exertion in spinal cord-injured participant,hard
coronary artery disease,冠状动脉疾病,23,cardiovascular,Williams (21) performed a meta-analysis of 23 sex- specific cohorts reporting va,easy
corticobasal,corticobas的,1,physiology,"PD is a form of parkinsonism, a clinical syndrome including other neurodegenerat",hard
corticosteroids,皮质类固醇,2,physiology,Individuals on prolonged treatment with oral corticosteroids may experience peri,hard
cost-effectiveness,成本效益,2,physiology,"Thus, the cost-effectiveness and diagnostic value of more intensive testing rema",hard
cost-utility,cost-util性质,1,physiology,Optimizing value from cardiac rehabilitation: a cost-utility analysis comparing ,hard
counteracting,对抗,5,musculoskeletal,Counteracting Dehydration Mechanisms by which dehydration might impair strength ,hard
cpet,心肺运动试验,16,cardiovascular,"When an exercise test includes the analysis of expired gases during exercise, it",medium
cpgs,临床实践指南,1,musculoskeletal,Available from: https://actt.albertadoctors.org/CPGs/Pages/Low-Back-Pain.aspx 59,hard
cpr,心肺复苏,6,musculoskeletal,"ACSM-CPT, ACSM Certified Personal TrainerR-ball; AED, automated external defibri",medium
cpt,当前程序术语,1,musculoskeletal,"Cloud, Minnesota Alexis Batrakoulis, ACSM-CPT, ACSM-EP, EIM 2 International Obes",hard
cpx,心肺运动测试,4,musculoskeletal,"When an exercise test includes the analysis of expired gases during exercise, it",hard
cr-10,CR-10量表,2,cardiovascular,The modified Borg Category-Ratio 0–10 (CR10) scale (Figure 8.1) (133) has been u,hard
cramp,痉挛,4,cardiovascular,"The pain does not occur with standing or sitting, is reproducible from day to da",hard
cramping,痉挛,2,cardiovascular,proposed as contributing factors and may play a role in cramping in individuals ,hard
cramps,痉挛,13,cardiovascular,Medical Considerations: Exertional Heat Illnesses Heat illnesses lie on a contin,medium
criterion-referenced,标准参照的,6,cardiovascular,"Age- and gender-specific, criterion-referenced standards are available, which al",hard
criterion-related,criterion相关的,2,cardiovascular,Criterion-related validity of the distance- and time-based walk/run field tests ,hard
cross-bridge,横桥,1,physiology,Cross-bridge mechanisms of muscle weakness in multiple sclerosis.,hard
cross-country,越野的,2,cardiovascular,Skiing cross-country —,hard
cross-education,交叉教育,3,cardiovascular,"The impact of unilateral RT on the untrained, con- tralateral limb (i.e., cross-",hard
cross-sectional study,横断面研究,1,cardiovascular,End criteria for reaching maximal oxygen uptake must be strict and adjusted to s,hard
cross-validation,cross-valida过程,1,cardiovascular,Cross-validation of generalised body composition equations with diverse young me,hard
csepguidelines,运动处方指南,2,physiology,Available from: https://csepguidelines.ca/adults- 65/#resourceshttps National Co,hard
current-guidelines,当前指南,3,physiology,Current guidelines place a heavy emphasis on preventive measures and early inter,hard
cva,脑血管意外,2,musculoskeletal,INDIVIDUALS WITH A CEREBROVASCULAR ACCIDENT (STROKE) When blood flow to a region,hard
cyanosis,cyanosis症,2,cardiovascular,"Signs of poor perfusion: light-headedness, confusion, ataxia, pallor, cyanosis,",hard
cystitis,cystitis炎,1,physiology,"cystitis bladder syndrome, chronic pelvic pain, temporomandibular joint disorder",hard
daily undulating periodization,每日波动周期化,1,prescription,Effects of linear periodization versus daily undulating periodization on neuromu,hard
damp,阻尼,1,physiology,These injuries may occur due to actual immersion or by the creation of a damp en,hard
decision-making,决策,1,assessment,"When considering treatment with medication, the use of evidence-based prescribin",hard
deep vein thrombosis,深静脉血栓,1,cardiovascular,"blood dyscrasias (e.g., lupus erythematosus); phlebitis, deep vein thrombosis, o",hard
defibrillation,除颤,2,physiology,"If unsuccessful, they can then deliver an electrical shock (i.e., electrical car",hard
defibrillator,除颤器,11,physiology,"However, prior studies likely overestimate the risk of today’s individuals given",hard
defibrillators,除颤器,2,physiology,"ACSM-CPT, ACSM Certified Personal TrainerR-ball; AED, automated external defibri",hard
dehydration,脱水,34,metabolism,"Practically, as the athlete exhales greater and greater levels of carbon dioxide",easy
delayed onset muscle soreness,延迟性肌肉酸痛,3,musculoskeletal,"delayed onset muscle soreness (DOMS), especially in those who are new to exercis",hard
dementia,痴呆,17,physiology,Alzheimer’s disease is currently the sixth leading cause of death in the United ,medium
densitometric,densit测量的,1,musculoskeletal,"For a more detailed explanation of these densitometric techniques, see (62).",hard
densitometry,密度测量法,12,musculoskeletal,Densitometry The estimate of total body fat percentage can be derived from a mea,medium
density,密度,54,fitness,Because of the cardioprotective effect of high-density lipoprotein cholesterol (,easy
deposition,deposi过程,1,fitness,"Amyloid β deposition, neurodegeneration, and cognitive decline in sporadic Alzhe",hard
deposits,沉积物,1,fitness,It is assumed that approximately one-third of the total fat in the body is locat,hard
depot-specific,depot特异性的,1,cardiovascular,Racial differences in abdominal depot-specific adiposity in white and African Am,hard
dermatitis,dermatitis炎,1,physiology,Dermatitis,hard
dermatomyositis,皮肌炎,1,musculoskeletal,"diseases (e.g., systemic lupus erythematosus, systemic sclerosis [scleroderma], ",hard
dexamethasone,地塞米松,5,musculoskeletal,"Dexamethasone (i.e., Decadron, Hexadrol) is taken orally and may be used for pre",hard
diabetes-2019,糖尿病2019,2,physiology,Classification and diagnosis of diabetes: standards of medical care in diabetes-,hard
diabetes-related,diabetes相关的,1,physiology,Benefits of Regular Physical Activity for Diabetes Physical activity (PA) is a k,hard
diabetic retinopathy,糖尿病视网膜病变,2,cardiovascular,Potential complications/contraindications may affect the appropriateness of some,hard
dialysis,透析,14,physiology,"(HIV)/acquired immunodeficiency syndrome (AIDS), cancer, kidney failure (dialysi",medium
diastasis,diastasis停滞,1,physiology,"During pregnancy, some women experience diastasis recti, indicated by a visible ",hard
diometabolic,diometabol的,1,musculoskeletal,"diometabolic Health; Council on Arteriosclerosis, Throm-",hard
disability,残疾,129,cardiovascular,Additional information related to the benefits of PA and exercise specific to a ,easy
disease-modifying,疾病修饰的,3,physiology,Pharmaceutical treatment of OA primarily involves analgesics and topical and ora,hard
disease-specific,疾病特异性的,5,cardiovascular,Impact of cardiorespiratory fitness on all-cause and disease-specific mortality:,hard
diseases-conditions,疾病-状况,6,metabolism,Available from: from https://www.rheumatology.org/I-Am-A/Patient- Caregiver/Dise,hard
dispositions,处置,1,fitness,Individuals with ID or DS could have personality dispositions that lead to uneas,hard
diversity,多样性,4,fitness,"Cultural Diversity In order to provide culturally competent care to exercisers, ",hard
doctor-diagnosed,医生诊断的,2,cardiovascular,Vital signs: prevalence of doctor-diagnosed arthritis and arthritis-attributable,hard
doms,延迟性肌肉酸痛,3,musculoskeletal,"delayed onset muscle soreness (DOMS), especially in those who are new to exercis",hard
dose,剂量,32,physiology,"higher loads (dose-response), eccentric flywheel devices",easy
dose-response,剂量-反应,44,physiology,"higher loads (dose-response), eccentric flywheel devices",easy
doses,剂量,12,physiology,Research on RTx reveals that “minimal doses” of RT are able to bring about subst,medium
down syndrome,唐氏综合征,25,musculoskeletal,"Siscovick DS, Weiss NS, Fletcher RH, Lasky T.",easy
drug-induced,drug引起的,1,physiology,"These disorders include IPF, asbestosis, sarcoidosis, and drug-induced pneumonit",hard
dual-action,双作用的,2,physiology,"Other exercise testing modes may be considered as needed, such as arm ergometry,",hard
dual-chambered,双腔的,1,physiology,Dual-chambered pacemakers that have two leads: one placed in the right,hard
dual-energy,双能,8,physiology,Body fat percentage determined from skinfold thickness measurements correlates w,hard
dual-energy x-ray absorptiometry,双能X线吸收法,8,musculoskeletal,Body fat percentage determined from skinfold thickness measurements correlates w,hard
dxa,双能X线吸收法,14,assessment,Body fat percentage determined from skinfold thickness measurements correlates w,medium
dynamic stretching,动态拉伸,6,prescription,"Dynamic stretching, which involves controlled movements through an active ROM, i",hard
dynamometer,测力计,7,musculoskeletal,The individual stands with feet slightly apart and holds the handgrip dynamomete,medium
dynamometers,测力计,5,musculoskeletal,Static or isometric strength can be measured conveniently using a variety of dev,medium
dynamometry,dynamometry测量法,3,musculoskeletal,Isokinetic dynamometry can be used to reliably evaluate muscle performance (229),hard
dynapenia,肌力减少症,1,cardiovascular,"Effects of physical exercise programs on sarcopenia manage- ment, dynapenia, and",hard
dyslipidemia,血脂异常,49,cardiovascular,Criteria for hypertension (Table 2.3) and dyslipidemia (Tables 2.4 and 2.5) are ,easy
dyspnea,呼吸困难,61,prescription,Abnormal exertional dyspnea suggests the presence of cardiopulmonary disorders; ,easy
dystrophy,营养不良,2,physiology,"Those with neurological conditions (i.e., muscular dystrophy, multiple sclerosis",hard
earbud-based,earbud基础的,1,physiology,"Earbud-based sensor for the assessment of energy expenditure, HR, and V∙ O2max.",hard
early-life,早期生命,1,physiology,"In addition, older women in particular may have had little early-life exposure t",hard
early-onset,早发的,4,prescription,"During exercise testing, both chronotropic incompetence and early-onset fatigue ",hard
early-stage,早期,3,metabolism,High intensity interval training favourably affects angiotensinogen mRNA express,hard
eccentric,离心的,29,physiology,Muscle hypertrophy was enhanced by higher volumes (≥10 sets/wk) and eccentric ov,easy
eccentric-only,仅离心的,1,physiology,"Between RTx, hypertrophy was enhanced by RT performed with eccentric-only con- t",hard
ecg,心电图,91,physiology,This includes sedentary adults starting a vigorous intensity exercise program if,easy
echocardiogram,超声心动图,2,physiology,"provider and may include verbal consultations, resting or stress ECG/echocardiog",hard
echocardiographic,超声心动图的,3,cardiovascular,"Echocardiographic examination allows evaluation of wall motion, wall thickness, ",hard
echocardiography,超声心动图,11,cardiovascular,Safety of stress echocardiography supervised by registered nurses: results of a ,hard
educational-toolkit,教育工具包,2,physiology,Educational toolkit: http://www.lboro.ac.uk/research/phc/educational-toolkit Phy,hard
eib,运动诱发性支气管痉挛,23,physiology,An official American Thoracic Society clinical practice guideline: exercise-indu,easy
eight-item,八项,1,metabolism,It is an eight-item functional strength assessment that scores individuals based,hard
eim,运动是良药,10,rehabilitation,"Gregory B. Dwyer, PhD, FACSM, ACSM-CEP, PD, ETT, EIM 3",medium
electrocardiogram,心电图,33,physiology,This includes sedentary adults starting a vigorous intensity exercise program if,easy
electrocardiograms,心电图,2,physiology,Modified electrode placement must be recorded when performing 12-lead electrocar,hard
electrocardiographic,心电图的,7,physiology,The electrocardiographic exercise test in a population with reduced workup bias:,hard
electrocardiography,心电图学,9,physiology,Preventive Services Task Force (USPSTF) recommends against the use of routine di,hard
electrogoniometers,电子测角仪,1,assessment,"Common devices for direct ROM measurement include goniometers, electrogoniometer",hard
electromyogr,肌电图,2,musculoskeletal,reflex excitability without affecting twitch contractile properties. J Electromy,hard
elite athlete,精英运动员,9,fitness,"dehydration (65). With elite athlete care both in and out of competition, provid",hard
emphysema,肺气肿,4,assessment,Pulmonary rehabilitation (PR) is often provided for those with various chronic o,hard
endocardial,endocardi的,1,cardiovascular,"Among individuals without prior MI, exercise-induced ST-segment elevation most o",hard
endocarditis,endocarditis炎,1,metabolism,Active endocarditis,hard
endocrinology,内分泌学,4,cardiovascular,American Association of Clinical Endocrinologists and American College of Endocr,hard
endometrial,endometri的,1,musculoskeletal,"colon, myeloma, myeloid leukemia, endometrial, gastric cardia, kidney, lung, liv",hard
endometrium,子宫内膜,1,musculoskeletal,"fractures; cancer of the bladder, breast, colon, endometrium, and lung; and",hard
endorsement,endorse过程,1,assessment,The results of the present study do not constitute endorsement by the American C,hard
energy-requirements,能量需求,1,physiology,Muscle activation and energy-requirements for varying postures in children and a,hard
english-language,english-langu过程,1,metabolism,Searches conducted on the Ovid platform were limited to English-language records,hard
environmental factor,环境因素,8,rehabilitation,,hard
environmental-related,environmental相关的,1,physiology,"Problem Solving Individuals face a number of personal, social, and environmental",hard
enzymatic,酶促的,2,physiology,"Dynamic stretching can elevate core temperature, which leads to increased neurom",hard
enzyme,酶,5,physiology,"He takes a statin, an angiotensin-converting enzyme (ACE) inhibitor, and aspirin",medium
enzymes,酶,1,physiology,"Generally, exercise testing may be appropriate for individuals whose symptoms ha",hard
epicardial,epicardi的,1,cardiovascular,Subsequent geometric and hemodynamic changes of the epicardial arteries may then,hard
epidemiology,流行病学,21,cardiovascular,Epidemiology and Prevention; and Council on Peripheral Vas-,easy
ergometer,测功仪,57,musculoskeletal,"Ensure that selected testing equipment (e.g., cycle ergometer, treadmill, sphygm",easy
ergometers,测功仪,11,musculoskeletal,"Modes of Testing Commonly used modes for exercise testing include treadmills, cy",medium
ergometric,erg测量的,1,musculoskeletal,"When it is not possible or feasible to measure V∙ O2, reasonable estimates of th",hard
ergometry,测功法,46,musculoskeletal,Reference standards for cardiorespiratory fitness measured with cardiopulmonary ,easy
ers,欧洲呼吸学会,1,physiology,An official European Respiratory Society/American Thoracic Society technical sta,hard
erythematosus,红斑性,2,physiology,"blood dyscrasias (e.g., lupus erythematosus); phlebitis, deep vein thrombosis, o",hard
esc,欧洲心脏病学会,2,physiology,ESC guidelines for the diagnosis and treatment of acute and chronic heart failur,hard
esemed,医学教育,2,assessment,"Alonso J, Lépine JP, ESEMeD/MHEDEA 2000 Scientific Committee.",hard
eswt,体外冲击波治疗,2,rehabilitation,Incremental (ISWT) and endurance (ESWT) shuttle walk tests are also used to asse,hard
ethnicity-specific,ethnicity特异性的,1,cardiovascular,"(≥31.2 in) for Europid women, with ethnicity-specific values for other groups",hard
etiology,病因学,12,physiology,CPET is particularly useful in identifying whether the cause of dyspnea has a ca,medium
euglycemia,euglycemia血症,2,cardiovascular,Glucose requirements to maintain euglycemia after moderate-intensity afternoon e,hard
euhydration,正常水合,2,metabolism,After exercise  Consumption of normal meals and beverages will restore euhydrati,hard
event-related,event相关的,1,physiology,The relationship between physical fitness and inhibitory ability in children wit,hard
evidence-based-programs,evidence基础的-programs,1,musculoskeletal,evidence-based-programs/physical-activity-programs-for-older-adults/,hard
evidenced-based,循证的,5,physiology,There are no clear evidenced-based guidelines for IMT for specific chronic lung ,hard
exam-content-outlines,考试内容大纲,2,physiology,exams/exam-content-outlines for detailed exam content outlines.,hard
example,示例,59,physiology,"Additionally, nontraditional forms of RT also yield marked benefits—for example,",easy
examples,示例,23,physiology,Table 1.1 gives specific examples of MET values for activities in each of the de,easy
exercise prescription,运动处方,234,rehabilitation,"Faulkner, PhD, FACSM to develop guidelines for graded exercise testing and exerc",easy
exercise testing,运动测试,476,prescription,"Title: ACSM’s guidelines for exercise testing and prescription / senior editor, ",easy
exercise-and-arthritis,exercise-and-arthritis炎,2,assessment,A/Patient-Caregiver/Diseases-Conditions/Living-Well-with-Rheumatic-Disease/Exerc,hard
exercise-associated,运动相关的,5,assessment,"Overdrinking hypotonic fluid (e.g., water) can lead to exercise-associated hypon",hard
exercise-associated hyponatremia,运动性低钠血症,2,cardiovascular,"Overdrinking hypotonic fluid (e.g., water) can lead to exercise-associated hypon",hard
exercise-associated muscle cramp,运动性肌肉痉挛,3,musculoskeletal,The evolution of exercise-associated muscle cramp research.,hard
exercise-based,运动为基础的,5,assessment,Safety of exercise-based cardiac rehabilitation and exercise testing for cardiac,hard
exercise-induced,运动诱发的,36,assessment,The effect of inter-set rest intervals on resistance exercise-induced muscle hyp,easy
exercise-induced asthma,运动性哮喘,1,assessment,Efficacy of a heat exchanger mask in cold exercise-induced asthma.,hard
exercise-induced bronchoconstriction,运动性支气管收缩,9,assessment,An official American Thoracic Society clinical practice guideline: exercise-indu,hard
exercise-mediated,运动介导的,1,assessment,The 10-s maximal sprint: a novel approach to counter an exercise-mediated fall i,hard
exercise-regulated,运动调节的,1,assessment,Resistance to aerobic exercise training causes metabolic dysfunction and reveals,hard
exercise-related,运动相关的,43,assessment,"Overlapping data are an issue in overviews of reviews, and methods are being dev",easy
exercise-specific,exercise特异性的,2,cardiovascular,Several methods have been used to convert loads between %1RM and repetition maxi,hard
exercise-testing,运动测试,2,assessment,"Title: ACSM’s guidelines for exercise testing and prescription / senior editor, ",hard
exertion-related,exertion相关的,1,physiology,"From an exercise safety standpoint, it is especially important to exclude hypert",hard
exertional heat illness,劳力性热病,10,metabolism,National Athletic Trainers’ Association Position Statement: exertional heat illn,hard
exoskeletal-assisted,外骨骼辅助的,3,physiology,Other forms of exercise that involve locomotor training to improve cardiorespira,hard
exoskeleton,外骨骼,2,rehabilitation,"Radiological examination is recommended, especially for individuals likely to be",hard
expenditure-based,expenditure基础的,1,metabolism,"effort. Energy expenditure-based intensity metrics, such as metabolic",hard
extend,延长,1,physiology,The effects of exercise in this population could even extend further into caregi,hard
extended,延长的,5,physiology,"If a Gulick-type spring-loaded tape measure is used, the handle should be extend",medium
extensor-driven,extensor驱动的,1,rehabilitation,"Tenodesis (i.e., active wrist extensor-driven finger flexion) allows functional ",hard
external load,外部负荷,2,fitness,"Strength can be assessed either statically (i.e., no overt muscular movement at ",hard
extrapulmonary,extrapulmon的,1,physiology,Restrictive lung diseases — extrapulmonary respiratory diseases that,hard
factor-binding,因子结合,1,physiology,"Effects of resis- tance training on muscle strength, insulin-like growth factor-",hard
faith-based,faith基础的,1,physiology,"Organizational factors  Schools, workplaces, faith-based settings, and community",hard
fall prevention,跌倒预防,6,rehabilitation,Physical activity pro- grams for balance and fall prevention in elderly: a syste,hard
fall-related,fall相关的,1,physiology,Prevention of falls and fall-related injuries in community-dwelling seniors: an ,hard
fast-acting,速效的,1,musculoskeletal,Individuals prone to AD should have access to a fast-acting antihypertensive age,hard
fatty,脂肪的,1,physiology,Lack of ev- idence for Omega-3 fatty acid supplementation in enhancing lean mass,hard
femur-tibial,femur-tibi的,1,assessment,Ultrasonographic femur-tibial length ratio: a marker of Down syndrome from the l,hard
fes,功能性电刺激,9,rehabilitation,Individuals with SCI at or above the T6 level are likely to experience AD (sudde,medium
fev1,第一秒用力呼气量,12,cardiovascular,The testing should be accompanied by a spirometric evaluation of the change in f,medium
fibric,fibr的,1,physiology,"Special Consideration  Individuals taking lipid-lowering medications (i.e., stat",hard
fibrillation,颤动,11,physiology,"Table 1.4 summarizes the risks of various cardiac events including AMI, ventricu",medium
fibrinolytic,fibrinolytic溶解的,1,cardiovascular,"Moreover, plaque rupture may be induced somewhat spontaneously via increased fib",hard
fibromyalgia,纤维肌痛,140,musculoskeletal,"Several submaximal exercise tests are reliable, valid and acceptable in people w",easy
fibrosis,纤维化,21,physiology,cThere are insufficient multicomponent model data to estimate the average FFBd o,easy
fibrotic,fibrot的,1,physiology,"These disorders include IPF, asbestosis, sarcoidosis, and drug-induced pneumonit",hard
field-based,基于现场的,3,physiology,Reliability of field-based fitness tests in youth.,hard
first-degree,第一度的,4,metabolism,before 55 yr in father or other male first-degree relative or before,hard
first-line,一线的,2,physiology,"Unfortunately, 45%–80% of people with anxiety or depressive disorders do not rec",hard
fitt,FITT原则,163,physiology,The FITT principles of Ex Rx presented in this chapter are based on the applicat,easy
fitt principle,FITT原则,36,prescription,The FITT principle of Ex Rx for CRF is summarized in Table 5.1.,easy
fitt-vp,频率强度时间类型-总量进阶,5,prescription,Exercise programs are generally constructed by manipulating six factors comprisi,hard
fitt-vp principle,FITT-VP原则,2,prescription,"per the FITT-VP principle) at least twice weekly, with all",hard
fitting,拟合,2,physiology,"Do I wear loose-fitting, porous, lightweight clothing?",hard
five-times-sit-to-stand,五次坐站测试,1,prescription,Five-Times-Sit-To-Stand test (187),hard
flat-footed,扁平足的,1,physiology,The individual stands flat-footed and reaches as high as possible with the domin,hard
flexibility,柔韧性,176,musculoskeletal,"In addition, age-specific recommendations are made concerning the importance of ",easy
flexibility-exercise,柔韧性运动,1,musculoskeletal,Box 5.5 Flexibility Exercise Definitions Ballistic methods or bouncing stretches,hard
flexometer,屈曲计,1,musculoskeletal,"Common devices for direct ROM measurement include goniometers, electrogoniometer",hard
flow-limiting,血流受限的,1,cardiovascular,asymptomatic individuals (16). Even though exercise testing may detect flow-limi,hard
focus-group,焦点小组,1,physiology,"‘Exercise to me is a scary word’: perceptions of fatigue, sleep dysfunction, and",hard
foster,促进,8,physiology,"179. Hickson RC, Hidaka K, Foster C. Skeletal muscle fiber type,",medium
fostering,促进,2,physiology,Fostering independence in health- promoting exercise.,hard
four-letter,四个字母,1,physiology,"The type of pacemaker, regardless of manufacturer, is identified by a four-lette",hard
frailty,衰弱,3,physiology,“Healthy adults” was operational- ized as humans (≥18-yr old) with no defined di,hard
free-living,自由生活的,3,metabolism,"Despite this standardized definition, scientific efforts to measure free-living ",hard
free-time,空闲时间,1,prescription,Unpacking the feel-good effect of free-time physical activity: between- and with,hard
free-weight,自由重量,7,metabolism,"Free-weight RT: Weights that can be moved in space freely (e.g., barbell).",hard
frequency-based,frequency基础的,1,prescription,The effectiveness of frequency-based resistance training protocols on muscular p,hard
frostbite,冻伤,15,musculoskeletal,"Frostbite occurs when tissue temperature falls lower than 0° C (32° F) (21,22).",medium
ftp,功能性阈值功率,1,metabolism,Available from: https://ftp.cdc.gov/pub/Health_Statistics/NCHS/NHIS/SHS/2014_SHS,hard
full range,全范围,2,prescription,"compared with standard RT, full range of motion, higher",hard
functional electrical stimulation,功能性电刺激,5,rehabilitation,Individuals with SCI at or above the T6 level are likely to experience AD (sudde,hard
functional fitness,功能性体适能,3,physiology,Relationship of sit-to-stand lower-body power with functional fitness measures a,hard
fvc,用力肺活量,4,cardiovascular,"However, limited evidence from a systematic review and meta-analysis on resistan",hard
gadolinium-enhancing,gadolinium增强,1,assessment,MS is defined as “the occurrence of clinical relapse or the presence of new T2 o,hard
gait training,步态训练,1,rehabilitation,"Additionally, water exercises and robotic gait training are effective for some p",hard
ganglia,神经节,1,metabolism,The effects of exercise on dopamine neurotransmission in Parkinson’s disease: ta,hard
gender-adjusted,性别调整的,1,physiology,External prognostic validations and comparisons of age- and gender-adjusted exer,hard
gender-based,gender基础的,1,physiology,In addition to describing an individual’s exercise capacity as estimated peak ME,hard
gender-normalized,性别标准化的,1,cardiovascular,Both absolute and age- and gender-normalized exercise capacities are strongly re,hard
genome-wide,全基因组,1,cardiovascular,Discovery of the first genome-wide significant risk loci for attention deficit/h,hard
geography,地理学,1,physiology,Physical environment  Natural factors such as weather or geography  Availability,hard
geometric,ge测量的,1,musculoskeletal,Subsequent geometric and hemodynamic changes of the epicardial arteries may then,hard
geriatric,geriatr的,1,physiology,Until these (and other) muscular fitness tests have been validated in pulmonary ,hard
gerontologist,geront学家,2,metabolism,independence in later years. Gerontologist. 2013;53(2):255–67.,hard
gerontology,geront学,2,physiology,"Gielen E, Beckwee D, Delaere A, De Breucker S, Vandewoude M, Bautmans I; Sarcope",hard
gestational diabetes,妊娠期糖尿病,1,physiology,"gain and gestational diabetes mellitus, decreased risk of preeclampsia and",hard
gestational diabetes mellitus,妊娠期糖尿病,1,physiology,"gain and gestational diabetes mellitus, decreased risk of preeclampsia and",hard
glucagon,胰高血糖素,1,metabolism,"Regardless of initial blood glucose levels, vigorous activity of any type may ca",hard
glucocorticoid,糖皮质激素,1,metabolism,Reduced bone mass and fat-free mass in women with multiple sclerosis: effects of,hard
glucocorticoids,糖皮质激素,2,metabolism,Pharmaceutical treatment of OA primarily involves analgesics and topical and ora,hard
glycaemia,glycaemia血症,1,cardiovascular,Is glycaemia or insulin dose the stronger risk factor for coronary artery diseas,hard
glycemia,glycemia血症,2,cardiovascular,Effects of performing resistance exercise before versus after aerobic exercise o,hard
glycohemoglobin,糖化血红蛋白,1,physiology,"elevated blood pressure, blood lipids, and glycohemoglobin levels (9–11).",hard
glycolated,糖化的,2,metabolism,"FPG, fasting plasma glucose (at least 8-h fasting); HbA1C, glycolated hemoglobin",hard
gold-reports,黄金报告,1,prescription,https://www.ctsnet.org/article/goodbye-sternal-precautions-hello-move- tube Glob,hard
goniometer,测角仪,6,musculoskeletal,Basic instructions for using a goniometer and inclinometer are provided in Box 3,medium
goniometers,测角仪,2,musculoskeletal,"Common devices for direct ROM measurement include goniometers, electrogoniometer",hard
goniometry,goniometry测量法,2,musculoskeletal,"Flexibility can be assessed with goniometry, the sit-and- reach test, and the ba",hard
grade,GRADE证据分级,14,assessment,Introduction to the GRADE approach for guideline development: considerations for,medium
gradeb,B级,2,assessment,1.8 × speeda × gradeb,hard
graded,分级的,25,assessment,"For example, the previous Position Stand recommended novice lifters complete two",easy
graded exercise test,分级运动试验,12,assessment,"The American Heart Association identified competencies, roles, and responsibilit",hard
grades,等级,1,assessment,Hiking at steep grades and,hard
groceries,杂货,1,physiology,"Each consists of serial performance of daily living tasks, such as carrying a we",hard
group-based,group基础的,2,physiology,"For experienced exercisers frequency is secondary to training volume, thus indiv",hard
group-home,集体之家,1,physiology,This is true for individuals living independently with the aid family caregivers,hard
group-level,group水平,1,physiology,"group-level evidence, so that appropriate deviations from",hard
guidelines-for-prevention,guidelines-for-preven过程,1,rehabilitation,,hard
gulick-type,古利克型,1,cardiovascular,"If a Gulick-type spring-loaded tape measure is used, the handle should be extend",hard
gxt,分级运动试验,26,prescription,"The American Heart Association identified competencies, roles, and responsibilit",easy
gxts,分级运动测试,1,prescription,GXT and during any follow-up GXTs to help determine degree of,hard
hace,高原脑水肿,11,metabolism,"The primary altitude illnesses are AMS, high-altitude cerebral edema (HACE), and",medium
half-marathon,半程马拉松,1,physiology,(128) studied over 10 million marathon and half-marathon runners and identified ,hard
hampered,受阻的,1,cardiovascular,Making specific FITT recommendations for exercise interventions is hampered by t,hard
hand-wraps,护手带,1,physiology,"hand-wraps (i.e., Active Hands), and accessibility of testing equipment.",hard
hape,高原肺水肿,13,cardiovascular,"The primary altitude illnesses are AMS, high-altitude cerebral edema (HACE), and",medium
health-enhancing,促进健康的,2,assessment,"Overall, exercise can provide a positive and potentially health-enhancing experi",hard
health-information,health-informa过程,1,physiology,"Also, all reasonable efforts must be made to protect the privacy of individual’s",hard
health-related,健康相关的,55,physiology,"Fitness Assessment Manual (previously titled, ACSM’s Health-Related",easy
health-related fitness,健康相关体适能,6,fitness,"Traditionally, muscular power has been considered a performance-related componen",hard
health-statistics,健康统计,1,physiology,"Summary Health Statistics: National Health Interview Survey, 2014 [Internet].",hard
health-topics,健康主题,1,physiology,What is metabolic syndrome?: http://www.nhlbi.nih.gov/health/health-topics/topic,hard
healthy-aging,健康老龄化,1,metabolism,Available from: https://www.ncoa.org/center-for-healthy-aging/basics-of-,hard
healthy-aging-facts,健康老龄化事实,1,musculoskeletal,Available from: https://www.ncoa.org/news/resources-for-reporters/get- the-facts,hard
heart failure,心力衰竭,60,cardiovascular,"(140) 2009 82 clinical sites in the United States, Canada, and France 4,411 0 0 ",easy
heart failure with preserved ejection fraction,射血分数保留的心力衰竭,2,cardiovascular,"Among individuals admitted for acute HF, 53% have HFrEF and 47% have HFpEF; and ",hard
heart failure with reduced ejection fraction,射血分数降低的心力衰竭,3,cardiovascular,"Outpatient Cardiac Rehabilitation There is strong evidence that outpatient CR, o",hard
heart rate reserve,心率储备,25,physiology,"HR, heart rate; HRR, heart rate reserve; METs, metabolic equivalents; RPE, ratin",easy
heart-rate,心率,1,physiology,"Related strategies or interventions may include recommending community, home, or",hard
heat acclimatization,热习服,5,physiology,"For example, heat acclimatization results in higher and more sustained sweating ",hard
heat exhaustion,热衰竭,7,metabolism,Heat exhaustion is the most common form of serious heat illness (66).,hard
heat stroke,中暑,3,musculoskeletal,Medical Considerations: Exertional Heat Illnesses Heat illnesses lie on a contin,hard
heat-physiological,heat-physi学的,1,metabolism,Performance in the heat-physiological factors or importance for hyperthermia-ind,hard
heat-related,热相关的,5,physiology,"Because of immature thermoregulatory systems, youth are at greater risk of heat-",hard
heavy-resistance,大阻力,1,physiology,Restoration of muscle power by heavy-resistance exercises.,hard
hematologic,血液学的,6,metabolism,TABLE 10.1 • Preexercise Medical Assessments for Individuals with Cancer Cancer ,medium
hematopoietic,造血的,4,physiology,"ACSM, American College of Sports Medicine; ADT, androgen deprivation therapy; HS",hard
hemiplegia,hemiplegia瘫痪,1,cardiovascular,CP was historically categorized according to a distribution of motor abnormaliti,hard
hemodial,hemodi的,1,physiology,195. Painter PL. Physical functioning in end-stage renal disease patients: updat,hard
hemodialysis,血液透析,10,physiology,Exercise capacity in hemodialysis and renal transplant patients.,medium
hemodynamic,血流动力学的,23,cardiovascular,Subsequent geometric and hemodynamic changes of the epicardial arteries may then,easy
hemodynamically,血流动力学地,1,cardiovascular,Hemodynamically significant heart disease,hard
hemodynamics,血流动力学,5,cardiovascular,Table A.1 lists the common categories of medications with available published da,medium
hemoglobin,血红蛋白,7,physiology,"HbA1C, glycated hemoglobin; MET, metabolic equivalent; non-HDL-C, total choleste",medium
hemoptysis,咯血,2,physiology,SIPE occurs during swimming in the absence of aspiration when fluid accumulates ,hard
hemorrhage,出血,2,physiology,■ Individuals with DM and retinopathy are at risk for vitreous hemorrhage.,hard
hemorrhagic,hemorrhag的,1,metabolism,"The etiology of a stroke is most often ischemic (87%, due to either thrombosis o",hard
hepatitis,hepatitis炎,1,physiology,"infection with other significant pathogens transmitted through air, fluids, or c",hard
herrera,埃雷拉,1,physiology,"220. Orten SM, Herrera BM, Yee IM, et al. Sex ratio of multiple sclerosis in Can",hard
herrero,埃雷罗,1,physiology,"El-Khouri M, Mourão MA, Tobo A, Battistella LR, Herrero CF, Riberto M.",hard
hesitant,hesit的,1,fitness,and caregivers are sometimes hesitant to start an exercise program with the,hard
heterogeneity,异质性,9,physiology,Heterogeneity was reported as the I2 sta- tistic (meta-analyses) or the fraction,hard
hfpef,射血分数保留的心衰,5,cardiovascular,"Among individuals admitted for acute HF, 53% have HFrEF and 47% have HFpEF; and ",medium
hfref,射血分数降低型心衰,11,cardiovascular,"Outpatient Cardiac Rehabilitation There is strong evidence that outpatient CR, o",medium
high altitude,高海拔,19,metabolism,"High altitude — For lowlanders, PA up to an altitude of 6,000 ft (~1,829 m) is s",hard
high-allergen,高过敏原,1,metabolism,"Be aware of the possibility of asthma exacerbation shortly after exercise, parti",hard
high-altitude,高海拔的,17,metabolism,"High altitude — For lowlanders, PA up to an altitude of 6,000 ft (~1,829 m) is s",hard
high-altitude cerebral edema,高原脑水肿,3,metabolism,"The primary altitude illnesses are AMS, high-altitude cerebral edema (HACE), and",hard
high-altitude pulmonary edema,高原肺水肿,2,metabolism,"The primary altitude illnesses are AMS, high-altitude cerebral edema (HACE), and",hard
high-ambient,high-ambi的,1,metabolism,Children and older adults should modify activities in conditions of high-ambient,hard
high-density,高密度的,10,fitness,Because of the cardioprotective effect of high-density lipoprotein cholesterol (,hard
high-frequency,高频的,2,prescription,High-frequency stimulation in Parkinson’s disease: more or less?,hard
high-frequency training,高频率训练,1,prescription,"wk−1) or high-frequency training (>3 d ∙ wk−1) (62,63,66). Therefore, a wide var",hard
high-functioning,高功能的,1,metabolism,Treadmill testing may be used to assess CRF among high-functioning ambulatory in,hard
high-grade,高级别的,2,metabolism,bradycardia such as seen with a high-grade AV block or after creation of,hard
high-impact,高冲击的,3,metabolism,pain or damage. There is no clear evidence that supports avoiding or discouragin,hard
high-income,高收入的,1,metabolism,"It is important to recognize, however, that these findings are based on studies ",hard
high-intensity,高强度的,20,prescription,diagnostic/prognostic role of exercise testing and moderate-to-high intensity,easy
high-level,高水平的,2,metabolism,International Olympic Committee consensus statement on the thermoregulatory and ,hard
high-quality,高质量的,3,metabolism,A high-quality ECG tracing should be obtained during an exercise test.,hard
high-sensitivity,high-sensitiv性质,1,fitness,"FITT, Frequency, Intensity, Time, and Type; HbA1C, glycosylated hemoglobin; hs-C",hard
high-speed,高速的,1,cardiovascular,The effects of high-speed resistance training on health outcomes in inde- penden,hard
high-training,高强度训练的,1,metabolism,“Living high-training low”: effect of moderate-altitude acclimatization with low,hard
high-velocity,high-veloc性质,1,metabolism,Increasing muscle power in healthy older adults should include both single- and ,hard
highbloodpressure,highbloodpress过程,1,metabolism,/HighBloodPressure/PreventionTreatmentofHighBloodPressure/Physical-Activity-,hard
hiit,高强度间歇训练,23,fitness,Interval training can be classified as either high intensity interval training (,easy
hippocampal,hippocamp的,1,metabolism,Subsequent to the preclinical stage is a second stage characterized by both pres,hard
hippocampus,海马,1,physiology,hippocampus and other brain regions (55). Subsequent to the preclinical,hard
home-based,家庭-based,23,physiology,"Compared with CTRL, strength was impacted by engag- ing in standard RT (17,24,29",easy
homeostasis,homeostasis停滞,4,physiology,Regular PA has been shown to improve psychological profiles in those with diabet,hard
hormonal,激素的,5,physiology,"Diabetic autonomic neuropathy, long-duration T1DM, and recent antecedent hypogly",medium
hormone,激素,3,physiology,"Before effective ART, treatment options included anabolic steroids, growth hormo",hard
hormones,激素,3,physiology,of randomized controlled trials. Hormones (Athens).,hard
hospital-based,hospital基础的,2,physiology,A comparison between an outpatient hospital-based pulmonary rehabilitation progr,hard
hrmax,最大心率,74,physiology,"Because of the individual variation in HRmax, the upper limit of 85% of an estim",easy
hrpeak,峰值心率,6,cardiovascular,In the absence of data supporting that an individual reached their physiologic m,medium
hrr,心率储备,70,physiology,"HR, heart rate; HRR, heart rate reserve; METs, metabolic equivalents; RPE, ratin",easy
hrrest,静息心率,8,physiology,HRR method: target HR (THR) = [(HRmax/peaka − HRrest) × % intensity desired],medium
hydrodensitometry,水下密度法,7,assessment,Body fat percentage determined from skinfold thickness measurements correlates w,hard
hydrostatic weighing,水下称重法,1,metabolism,(FFM = body mass − fat mass [FM]). Although hydrostatic weighing is a standard,hard
hydroxymethylglutaryl-coenzyme,羟甲基戊二酰辅酶,2,musculoskeletal,"Statin drugs, also known as hydroxymethylglutaryl-coenzyme A (HMG-CoA) reductase",hard
hyperactivity-disorder,多动障碍,1,cardiovascular,ATTENTION-DEFICIT/HYPERACTIVITY DISORDER Attention-deficit/hyperactivity disorde,hard
hypercalcemia,hypercalcemia血症,1,cardiovascular,"hypercalcemia, or",hard
hypercholesterolemia,高胆固醇血症,4,cardiovascular,"AACE, American Association of Clinical Endocrinologists and American College of ",hard
hypercholesterolemias,高胆固醇血症,1,cardiovascular,"Familial hypercholesterolemias: prevalence, genetics, diagnosis and screening re",hard
hyperglycemia,高血糖,14,cardiovascular,DIABETES MELLITUS Diabetes mellitus (DM) is a group of metabolic diseases charac,hard
hyperhomocysteinemia,hyperhomocysteinemia血症,1,cardiovascular,"Major risk factors for PAD include diabetes, hypertension, smoking, dyslipidemia",hard
hyperinsulinemia,hyperinsulinemia血症,1,cardiovascular,"Overweight and obese individuals are at risk for other comorbidities (e.g., dysl",hard
hyperinsulinemic,hyperinsulinem的,1,cardiovascular,hyperinsulinemic and euglycemic conditions. Note this value has been updated to ,hard
hyperkalemia,hyperkalemia血症,1,cardiovascular,"hyperkalemia, or hypovolemia (until adequately treated)",hard
hyperlipidemia,hyperlipidemia血症,4,cardiovascular,She reports no current symptoms of cardiovascular (CV) or metabolic disease and ,hard
hypermagnesemia,hypermagnesemia血症,1,cardiovascular,hypermagnesemia,hard
hypersensitivity,超敏反应,2,cardiovascular,TABLE 11.2 • Exercise Training Recommendations for Individuals with Autism Spect,hard
hyperthermia,高热,7,cardiovascular,"However, when the amount of metabolic heat exceeds heat loss, hyperthermia (i.e.",medium
hyperthermia-induced,hyperthermia引起的,1,cardiovascular,Performance in the heat-physiological factors or importance for hyperthermia-ind,hard
hyperthyroidism,甲状腺功能亢进,2,cardiovascular,eThe ACOG guideline specifies poorly controlled hyperthyroidism as a relative co,hard
hypertriglyceridemia,hypertriglyceridemia血症,2,cardiovascular,aSevere hypertriglyceridemia is another term used for very high triglycerides in,hard
hypertrophic cardiomyopathy,肥厚型心肌病,1,cardiovascular,Hypertrophic cardiomyopathy: risk stratification and exercise gradient assessmen,hard
hypertrophy,肥大,119,cardiovascular,"Resistance Training Prescription for Muscle Function, Hypertrophy, and Physical ",easy
hypoadrenalism,肾上腺功能减退,1,physiology,Hypoadrenalism,hard
hypoglycaemia,hypoglycaemia血症,2,cardiovascular,Risk of exercise-induced hypoglycaemia in patients with type 2 diabetes on inten,hard
hypoglycemia,低血糖,28,cardiovascular,"The environment, individual characteristics, and clothing all impact the develop",easy
hypohydration,低水合,2,metabolism,Gastric emptying during exercise: effects of heat stress and hypohydration.,hard
hypokalemia,hypokalemia血症,4,cardiovascular,"Individuals on diuretic therapy are at an elevated risk of volume depletion, hyp",hard
hyponatremia,hyponatremia血症,6,cardiovascular,"Overhydration with hypotonic fluids (e.g., water), while rare, can pose a risk f",medium
hypothermia,低体温,8,physiology,Medical Considerations: Cold Injuries Hypothermia develops when heat loss exceed,medium
hypothyroidism,甲状腺功能减退,2,physiology,LDL-C levels are often increased in individuals with hypothyroidism and the neph,hard
hypovolemia,hypovolemia血症,1,cardiovascular,"hyperkalemia, or hypovolemia (until adequately treated)",hard
hypoxemia,低氧血症,7,cardiovascular,An absolute decrease in SpO2 ≥5% during exercise is considered an abnormal respo,medium
idiopathic pulmonary fibrosis,特发性肺纤维化,5,physiology,"These disorders include IPF, asbestosis, sarcoidosis, and drug-induced pneumonit",hard
ihd,缺血性心脏病,51,physiology,Clinical Exercise Testing and Interpretation CHAPTER 4 INTRODUCTION Clinical exe,easy
ild,间质性肺病,6,physiology,Interstitial Lung Disease Interstitial lung disease (ILD) encompasses a group of,medium
immune,免疫的,6,physiology,Infection risk is higher for patients that are currently undergoing chemotherapy,medium
impacting,影响,1,musculoskeletal,"In addition, the biomechanics for a given resistance exercise may differ signifi",hard
impairment,功能障碍,46,rehabilitation,Individuals with significant cognitive impairment can engage in PA but may requi,easy
impairment-driven,impairment驱动的,1,rehabilitation,Impairment-driven cancer rehabilitation: an essential component of quality care ,hard
in-season,赛季,1,prescription,Effects of variations in resistance training frequency on strength development i,hard
incentive-based,incentive基础的,1,physiology,"Evaluating the Carrot Rewards App, a population-level incentive-based interventi",hard
inclinometer,倾角仪,3,cardiovascular,Basic instructions for using a goniometer and inclinometer are provided in Box 3,hard
inclinometers,倾角仪,2,cardiovascular,"Common devices for direct ROM measurement include goniometers, electrogoniometer",hard
inclusive fitness,包容性体适能,1,rehabilitation,ACSM/NCHPAD Certified Inclusive Fitness TrainerSM,hard
index-adiposity,index-adipos性质,1,fitness,Why are there race/ethnic differences in adult body mass index-adiposity relatio,hard
indicating,表明,6,physiology,Research on the topic of RT has expanded significantly since the publication of ,medium
indications,适应证,33,physiology,indications and dosage and for added warnings and precautions. This is,easy
indicator,指标,14,physiology,The pattern of body fat distribution is recognized as an important indicator of ,medium
indicators,指标,11,physiology,The deleterious relationships between sedentary behavior and various health indi,medium
indirect calorimetry,间接测热法,3,musculoskeletal,Open circuit spirometry is used to measure V∙ O2max during a graded incremental ,hard
individual-associated,individual相关的,1,assessment,The following recommendations for ECG monitoring are related to individual-assoc,hard
individual-centered,以个体为中心的,2,physiology,"Lastly, CR programs provide individual-centered disease management education aim",hard
individual-specific,individual特异性的,1,cardiovascular,"In response to these limitations, modifications of the Bruce protocol and other ",hard
individual-years,人年,2,physiology,Studies weighted by individual-years of experience.,hard
industry-standard,行业标准,1,physiology,CR programs also may incorporate the core clinical and operational components of,hard
informed consent,知情同意,17,prescription,INFORMED CONSENT The informed consent process is the first step when working wit,hard
insomnia,insomnia失眠,1,physiology,"insomnia, fatigue, lack of energy, restless",hard
insulin,胰岛素,67,metabolism,Short-duration clinical experiments have demonstrated that prolonged sitting eli,easy
insulin-like,胰岛素样,2,metabolism,"Effects of resis- tance training on muscle strength, insulin-like growth factor-",hard
insulin-resistant,insulin-resist的,1,metabolism,"T2DM is driven by insulin-resistant skeletal muscle, adipose tissue, and liver c",hard
insulin-stimulated,胰岛素刺激的,1,metabolism,Exercise- and insulin-stimulated muscle glucose transport: distinct mechanisms o,hard
insulins,胰岛素,1,metabolism,"Longer acting basal insulins (e.g., glargine, detemir, and neutral protamine Hag",hard
insurers,保险公司,1,physiology,This deserves special attention given the increasing propensity of health insure,hard
intellectual disability,智力障碍,38,cardiovascular,"During exercise, carrying medical ID identifying diabetes, a cell phone, and glu",easy
intended,预期的,10,physiology,"Any bout of MVPA, regardless of duration, can be included when quantifying daily",medium
inter-patient,间patient,1,physiology,Intra- and inter-patient symptom variability in fibromyalgia: results of a 90-da,hard
inter-society,间society,1,assessment,Society for Vascular Nursing; TransAtlantic Inter-Society Consensus;,hard
interference effect,干扰效应,1,fitness,The role of intra-session exercise sequence in the interference effect: a system,hard
interferon,干扰素,1,physiology,Special Considerations  Commonly used disease-modifying medications such as inte,hard
intermittent claudication,间歇性跛行,8,cardiovascular,Exercise & Sports Science Australia (ESSA) position statement on exercise prescr,hard
interpersonal,interperson的,1,cardiovascular,"Interpersonal factors/social environment  Family, spouse, or partner  Peers  Cow",hard
interprotocol,方案间,1,rehabilitation,"In addition, interindividual and interprotocol variability may limit the validit",hard
interstitial lung disease,间质性肺疾病,12,physiology,Interstitial Lung Disease Interstitial lung disease (ILD) encompasses a group of,hard
interval-based,interval基础的,1,physiology,"However, the primary factors of interval-based Ex Rx primarily concern the inten",hard
interval-load,间歇负荷,1,assessment,Effects of interval-load versus constant-load training on the BODE index in COPD,hard
intra-abdominal,内abdominal,1,cardiovascular,Avoid contact sports and exercises that cause excessive intra-abdominal pressure,hard
intravenous,静脉内的,2,cardiovascular,"Dexamethasone (i.e., Decadron, Hexadrol) is taken orally and may be used for pre",hard
ipf,特发性肺纤维化,2,physiology,"These disorders include IPF, asbestosis, sarcoidosis, and drug-induced pneumonit",hard
ischemia,缺血,74,cardiovascular,These additional imaging procedures are not necessary if the exercise test is be,easy
ischemic heart disease,缺血性心脏病,17,cardiovascular,Clinical Exercise Testing and Interpretation CHAPTER 4 INTRODUCTION Clinical exe,hard
isokinetic,等速的,12,musculoskeletal,"tonic, or isokinetic actions, progressively increasing force",medium
isokinetic dynamometer,等速测力计,3,musculoskeletal,"When assessing isokinetic muscle strength, it may not be feasible to use an isok",hard
isometric,等长的,15,musculoskeletal,"Isometric training and long-term adaptations: effects of muscle length, intensit",medium
isotonic,等张的,2,musculoskeletal,"Unless otherwise specified, strength was voluntary isotonic one-repetition maxim",hard
joint-specific,joint特异性的,2,cardiovascular,"Just as muscular strength and endurance are specific to the muscles involved, fl",hard
ketoacidosis,ketoacidosis症,3,assessment,The primary characteristics of individuals with T1DM are nearly absolute insulin,hard
ketosis,ketosis症,1,physiology,Hyperglycemia with or without ketosis is a concern for individuals with T1DM who,hard
kidney-pancreas,肾-胰腺,1,cardiovascular,Pre-transplant cardiac testing for kidney-pancreas transplant candidates and ass,hard
kinesiology,运动机能学,6,physiology,"Phillips, PhD, Department of Kinesiology, McMaster University, 1280 Main Street ",medium
kyphosis,kyphosis症,1,musculoskeletal,"■ Restrictive chest wall disease, (e.g., scoliosis or kyphosis)",hard
laboratory-based,laboratory基础的,1,physiology,"Open-circuit respirometry: real-time, laboratory-based systems.",hard
lactate,乳酸,7,metabolism,"The correlation between RPE and indicators of exercise intensity is strong, but ",medium
lactate threshold,乳酸阈,2,metabolism,"At longer intervals or intensities close to the lactate threshold, perceived enj",hard
land-based,land基础的,2,physiology,"LBP — For women experiencing LBP during pregnancy, an excellent alternative to l",hard
land-mixed,陆地混合,1,cardiovascular,Aquatic (131) and land-mixed exercise (128) that include two or all three types ,hard
large-scale,大规模的,2,physiology,Numerous large-scale epidemiology studies have been performed that document the ,hard
late-stage,late阶段,1,metabolism,The symptoms and complications of late-stage CKD dictate the timing and initiati,hard
lauche,劳赫,1,assessment,"Lauche R, Cramer H, Häuser W, Dobos G, Langhorst J.",hard
lbbb,左束支传导阻滞,3,physiology,"mm of ST-segment depression on their resting ECG, or left bundle-branch block (L",hard
lbp,腰痛,81,physiology,Intensive dynamic back exercises for chronic low back pain: a clinical trial.,easy
left bundle-branch block,左束支传导阻滞,3,physiology,"mm of ST-segment depression on their resting ECG, or left bundle-branch block (L",hard
leisure-time,休闲时间的,5,prescription,Leisure-time spent sitting and site- specific cancer incidence in a large US coh,hard
leukemia,leukemia血症,2,cardiovascular,"colon, myeloma, myeloid leukemia, endometrial, gastric cardia, kidney, lung, liv",hard
life-threatening,危及生命的,7,physiology,Such cardiac disorders are potentially life-threatening and include severe coron,hard
lifestyle-induced,lifestyle引起的,1,rehabilitation,High-intensity interval training in patients with lifestyle-induced cardiometabo,hard
ligaments,韧带,3,musculoskeletal,"In addition, compliance (i.e., tightness) of various other tissues such as ligam",hard
light intensity,低强度,15,prescription,"Among adults, light intensity PA is defined as 1.6–2.9 METs, moderate as 3.0–5.9",hard
light-based,light基础的,1,metabolism,Light-based technology based on photoplethysmography is now integrated into wear,hard
light-headedness,头晕,10,metabolism,"During the test and throughout postexercise recovery, the clinician should also ",hard
linear periodization,线性周期化,1,prescription,Effects of linear periodization versus daily undulating periodization on neuromu,hard
lipid,脂质,5,physiology,Short-duration clinical experiments have demonstrated that prolonged sitting eli,medium
lipid-lowering,降脂的,3,physiology,"Special Consideration  Individuals taking lipid-lowering medications (i.e., stat",hard
lipids,脂质,9,physiology,Impact of different training modalities on glycaemic control and blood lipids in,medium
lipolytic,lipolytic溶解的,1,physiology,"Thus, regular exercise plays an important role in weight control and achieving a",hard
lipoprotein,脂蛋白,20,metabolism,Because of the cardioprotective effect of high-density lipoprotein cholesterol (,easy
lipoproteins,脂蛋白,3,metabolism,Effects of weight reduction on blood lipids and lipoproteins: a meta-analysis.,hard
living-well-with-rheumatic-disease,类风湿疾病生活管理,2,physiology,Available from: from https://www.rheumatology.org/I-Am-A/Patient- Caregiver/Dise,hard
long-acting,长效的,1,musculoskeletal,and long-acting formulations of two α2-adrenergic agonist drugs clonidine,hard
long-distance,长距离的,4,physiology,Strength training for middle- and long-distance performance: a meta-analysis.,hard
long-duration,long-dura过程,1,physiology,Hyponatremia tends to be more common in long duration physical activities and is,hard
long-standing,长期的,1,physiology,Graded motor imagery is effective for long-standing complex regional pain syndro,hard
longitudinal study,纵向研究,4,metabolism,"The Pennington Center Longitudinal Study found that BMI, along with other measur",hard
loose-fitting,宽松的,1,physiology,"Do I wear loose-fitting, porous, lightweight clothing?",hard
low back pain,腰痛,56,physiology,Intensive dynamic back exercises for chronic low back pain: a clinical trial.,easy
low-density,低密度的,7,fitness,"HDL-C, high-density lipoprotein cholesterol; LDL-C, low-density lipoprotein chol",hard
low-intensity,低强度的,3,prescription,Low-intensity resistance training to improve knee extension strength in communit,hard
lower-body,下肢的,3,physiology,"Optimal training sequences to develop lower body force, velocity, power, and jum",hard
lower-extremity,下肢,2,cardiovascular,Effects of resistance training on lower-extremity muscle power in middle-aged an,hard
lower-than-normal,lower-than-norm的,1,cardiovascular,of lower-than-normal blood sodium concentration (typically <135 mEq ∙ L−1) accom,hard
lung-disease,肺部疾病,1,physiology,"COPD encompasses chronic bronchitis and/or emphysema, and individuals may be cat",hard
lymph,淋巴,4,physiology,There i the saf resista in wom lower lymph second gynec cancer condit compl mana,hard
lymphatic,lymphat的,1,physiology,Unilateral edema of a limb often results from venous thrombosis or lymphatic blo,hard
lymphedema,淋巴水肿,13,physiology,Recommend evaluation for lower extremity lymphedema prior to vigorous aerobic ex,medium
machine-based,machine基础的,1,physiology,"machine-based strength training on maximal strength, hypertrophy and jump perfor",hard
macrovascular,大血管的,2,cardiovascular,Impact of prolonged sitting on lower and upper limb micro- and macrovascular dil,hard
maintenance phase,维持期,3,prescription,and improve fitness in the prolonged maintenance phase of stroke recovery.,hard
majewski-schrage,majewski-schr过程,1,physiology,"91. Majewski-Schrage T, Evans TA, Ragan B. Development of a core-",hard
manipulation,手法治疗,5,musculoskeletal,Undulating (nonlinear): Daily or weekly RTx manipulation.,medium
manufacturer,制造商,5,physiology,"formerly served on the scientific advisory board for Tonal Corporation, a manufa",medium
manufacturers,制造商,1,physiology,"In addition, the biomechanics for a given resistance exercise may differ signifi",hard
mar,中度急性高山病,17,physiology,Department of Health and Human Services; 2018 [cited 2019 Mar 1].,medium
mass-based,mass基础的,2,physiology,Exercise capacity in non-specific chronic low back pain patients: a lean body ma,hard
mathematical,mathematic的,1,physiology,A DXA-based mathematical model predicts midthigh muscle mass from magnetic reson,hard
maximal exercise test,最大运动试验,67,prescription,"In addition, the maximal exercise test is the gold standard to objectively measu",easy
maximal-effort,最大努力,1,physiology,"Because of the individual variation in HRmax, the upper limit of 85% of an estim",hard
maximal-versus,最大对比,1,physiology,Effects of maximal-versus submaximal-intent resistance training on functional ca,hard
mci,轻度认知障碍,3,assessment,Subsequent to the preclinical stage is a second stage characterized by both pres,hard
medical clearance,医学许可,25,rehabilitation,Although many sedentary individuals can safely begin a light-to-moderate intensi,easy
medication-related,medication相关的,1,physiology,Exercise Training Considerations  Consideration should be given to the level of ,hard
medicine-related,medicine相关的,1,assessment,in sports and exercise medicine-related fields are often,hard
medium-density,medium密度,1,fitness,Repeat the three stance positions while standing on a medium-density foam pad (4,hard
met,代谢当量,42,musculoskeletal,QuickStats: percentage of adults aged ≥18 years who met the feder- al guidelines,easy
met-h,代谢当量-小时,1,musculoskeletal,"This volume is approximately equal to (a) 1,000 kcal ∙ wk−1 of moderate intensit",hard
met-min,代谢当量-分钟,8,prescription,MET-min ∙ wk−1 and kcal ∙ wk−1 can be used to estimate exercise volume in a stan,hard
meta-analyses,荟萃分析,15,musculoskeletal,"Provided ample systematic reviews and meta-analyses, an overview of reviews can ",hard
meta-analysis,荟萃分析,204,musculoskeletal,Records were defined as a “systematic review” if they were titled as an evidence,easy
meta-analytic,meta-analytic溶解的,3,musculoskeletal,Applications of the dose-response for muscular strength development: a review of,hard
meta-analytical,meta-analytic的,2,musculoskeletal,"However, a meta-analytical report suggests a consistency among studies indicatin",hard
meta-regression,荟萃回归,11,musculoskeletal,A meta-regression of the effects of resistance training frequency on muscular st,hard
meta-regressions,荟萃回归,2,musculoskeletal,The resistance training dose-response: meta-regressions exploring the effects of,hard
meta-review,荟萃综述,1,musculoskeletal,activity as a treatment for severe mental illness: a meta-review of the,hard
metab,代谢,22,musculoskeletal,tematic review and meta-analysis. Appl Physiol Nutr Metab.,easy
metabolic,代谢的,163,musculoskeletal,Appendix D: Metabolic Calculations and Methods for Prescribing Exercise,easy
metabolic equivalent,代谢当量,22,prescription,"HbA1C, glycated hemoglobin; MET, metabolic equivalent; non-HDL-C, total choleste",easy
metabolic syndrome,代谢综合征,35,musculoskeletal,"Accordingly, resistance training may be effective for preventing and treating th",easy
metabolic-syndrome,代谢综合征,1,musculoskeletal,"Accordingly, resistance training may be effective for preventing and treating th",hard
metabolically,代谢地,3,musculoskeletal,These agents cross cell membranes of metabolically active tissue either actively,hard
metabolism,代谢,14,physiology,Short-duration clinical experiments have demonstrated that prolonged sitting eli,medium
metal,met的,1,musculoskeletal,"Contact frostbite may occur by touching cold objects with bare skin, particularl",hard
metastases,转移,9,musculoskeletal,Bone metastases: Cancer survivors with bone metastases are at an increased risk ,medium
metastasis,metastasis停滞,2,musculoskeletal,There is always a risk that metastasis to the bone or cardiac toxicity secondary,hard
metastatic,转移的,12,musculoskeletal,Individuals with known metastatic disease to the bone will require evaluation to,medium
meters,米,4,musculoskeletal,"BMI, or the Quetelet index, is used to assess weight relative to height and is c",hard
metformin,二甲双胍,1,cardiovascular,Reduction in the incidence of type 2 diabetes with lifestyle intervention or met,hard
methacholine,乙酰甲胆碱,2,musculoskeletal,Guidelines for methacholine and exercise challenge testing-1999.,hard
methodol,方法学,2,musculoskeletal,ity of systematic reviews. BMC Med Res Methodol. 2007;7:10.,hard
methodological,方法学的,9,musculoskeletal,Methodological Quality Assessment and Evidence Synthesis The methodological qual,hard
methylphenidate,哌甲酯,3,musculoskeletal,It has been demonstrated that exercise can enhance the effects of stimulants (i.,hard
metric,metr的,1,musculoskeletal,The metric properties of a novel non-motor symptoms scale for Parkinson’s diseas,hard
metrics,指标,6,musculoskeletal,"Compar- ison of weightlifting, traditional resistance training and plyo- metrics",medium
metronome,节拍器,1,cardiovascular,There are self-paced step test alternatives that do not rely on a metronome for,hard
mets,代谢当量,73,prescription,"METs are a useful, convenient, and standardized method for quantifying the absol",easy
metsyn,代谢综合征,23,prescription,Metabolic syndrome (Metsyn) is partially defined by the presence of high TG leve,easy
microvascular,微血管的,1,cardiovascular,levels place individuals at risk for long-term complications such as microvascul,hard
midbrain,中脑,1,cardiovascular,The motor features of PD are the result of degeneration of the dopaminergic nigr,hard
middle-aged,中年的,14,cardiovascular,The efficacy of differ- ent interventions in the treatment of sarcopenia in midd,hard
mild cognitive impairment,轻度认知障碍,4,cardiovascular,Subsequent to the preclinical stage is a second stage characterized by both pres,hard
mini-bestest,Mini-BESTest平衡测试,2,cardiovascular,"For individuals with PD, clinical balance tests include the functional reach tes",hard
mini-finland,迷你芬兰,1,cardiovascular,Obesity and muscle strength as long-term determinants of all-cause mortality — a,hard
minimal clinically important difference,最小临床重要差异,1,cardiovascular,The minimal clinically important difference in 6- MWT distance has been reported,hard
minimal detectable change,最小可检测变化,1,cardiovascular,,hard
minimal-dose,最小剂量,2,cardiovascular,There was insufficient evidence to form recommendations on emerging RTx strategi,hard
misdiagnosis,misdiagnosis症,1,cardiovascular,"However, torso-placed limb leads should be noted for all ECG tracings to avoid m",hard
mitochondrial,线粒体的,5,physiology,Resistance training increases muscle mitochondrial biogenesis in patients with c,hard
mobility-limited,活动受限的,1,cardiovascular,The relationship between leg power and physical performance in mobility-limited ,hard
mobilization,mobil化,2,rehabilitation,"mobilization, education regarding lifestyle behaviors in controlling CVD",hard
modalities,方式/模式,24,physiology,Exercise training modalities in patients with type 2 diabetes mellitus: a system,easy
modality,方式,14,physiology,"treadmill) for the exercise test can impact the result, as performance is relate",medium
moderate intensity,中等强度,78,prescription,"Collectively, the intent of these statements was to increase public awareness of",easy
moderate-altitude,中等海拔,1,physiology,“Living high-training low”: effect of moderate-altitude acclimatization with low,hard
moderate-intensity,中等强度的,3,prescription,"Collectively, the intent of these statements was to increase public awareness of",hard
moderate-slow,中慢速,1,physiology,"versus moderate-slow (>2 s) contractions, morning ver-",hard
moderate-to-vigorous physical activity,中高强度体力活动,2,prescription,Health benefits can be experienced following just a single bout of moderate-to-v,hard
molecular-level,molecular水平,1,physiology,Multi-component molecular-level body composition reference methods: evolving con,hard
monotherapy,单药治疗,1,cardiovascular,These drugs may be used as a monotherapy or adjunct therapy to provide symptomat,hard
more-than-just-shyness,more-than-just-shy状态,1,physiology,more-than-just-shyness/index.shtml,hard
motor-complete,运动完全性的,4,physiology,SCI may lead to either motor-complete (AIS A and B) or motor-incomplete (AIS C a,hard
motor-driven,马达驱动的,3,physiology,Exercise testing is typically performed on a motor-driven treadmill or an electr,hard
motor-incomplete,运动不完全的,2,physiology,SCI may lead to either motor-complete (AIS A and B) or motor-incomplete (AIS C a,hard
movement-specific,movement特异性的,1,cardiovascular,Each single exercise session should be designed with a training goal in mind and,hard
multi-component,multi-compon的,1,physiology,Densitometry has been used as a reference or criterion standard for assessing bo,hard
multi-ethnic,多种族的,4,physiology,"Physical activity, sedentary behaviors and the incidence of type 2 diabetes mell",hard
multi-joint,多关节,1,physiology,ND Type: Single-joint vs multi-joint ?,hard
multi-level,multi水平,1,physiology,Influence of weather on daily symptoms of pain and fatigue in female patients wi,hard
multi-organ,多器官,1,physiology,Multi-organ autonomic dysfunction in Parkinson disease.,hard
multimodal,多模式的,3,physiology,"Therefore, the Ex Rx for individuals with hypertension no longer place an emphas",hard
multiple sclerosis,多发性硬化,51,musculoskeletal,"Cox, MS University of Massachusetts Amherst Amherst, Massachusetts Chapter 6: Ex",easy
multiple-joint,多关节,1,physiology,Increasing muscle power in healthy older adults should include both single- and ,hard
multiple-sclerosis-information-page,multiple-sclerosis-information-p过程,1,physiology,Disorders/Multiple-Sclerosis-Information-Page,hard
muscle-strengthening,肌肉强化,9,physiology,Most guidelines call for healthy adults to complete “muscle-strengthening activi,hard
muscular endurance,肌肉耐力,29,fitness,Muscular Endurance The impact of RT versus CTRL and distinct RTx variables on mu,easy
muscular fitness,肌肉适能,44,physiology,"Notably, others have esti- mated that developing general muscular fitness (stren",easy
muscular power,肌肉爆发力,16,fitness,Muscular Power Muscular power is the rate of performing work.,hard
muscular strength,肌肉力量,69,fitness,"output to improve muscular strength, power, endurance,",easy
musculotendinous,肌腱的,4,cardiovascular,This type of stretching results in improvements in ROM that can be a result of d,hard
mvpa,中高强度体力活动,6,prescription,Health benefits can be experienced following just a single bout of moderate-to-v,medium
myocardial,心肌的,90,cardiovascular,Adverse cardiovascular events such as sudden cardiac death (SCD) and acute myoca,easy
myocardial infarction,心肌梗死,36,cardiovascular,Adverse cardiovascular events such as sudden cardiac death (SCD) and acute myoca,easy
myocarditis,myocarditis炎,3,metabolism,Possible myocarditis,hard
myocardium,心肌,3,physiology,"However, exercise cessation can cause an excessive drop in venous return resulti",hard
natural-altitude,自然海拔,1,physiology,"natural-altitude environment (i.e., hypobaric hypoxia) for inducing functionally",hard
naughton,Naughton方案,4,metabolism,The modified Naughton treadmill protocol is a good example of such a protocol (s,hard
nchpad-cift,NCHPAD-CIFT,1,cardiovascular,"Brian J. Coyne, Med, ACSM-CEP, ACSM/NCHPAD CIFT, RCEP",hard
near-continuous,near-continu的,1,physiology,"continuous or near-continuous sweating, hyponatremia can be prevented by practic",hard
near-fatiguing,接近疲劳的,1,physiology,"and near-fatiguing effort are applied; however, not all",hard
near-maximal,近最大强度的,4,physiology,The relative risk of SCD and AMI during vigorous-to-near maximal intensity exerc,hard
near-normal,near-norm的,1,cardiovascular,Exercise intolerance and functional disability often persist after lung transpla,hard
near-resting,接近静息的,1,physiology,"Nonetheless, cool-downs may be useful to allow the body to return to near-restin",hard
necessitates,使成为必要,1,fitness,"We note that in some populations, due to inexperience (and potential safety conc",hard
necessitating,使成为必要,2,fitness,The information may also uncover uncertainties about an individual’s ability to ,hard
necessity,necess性质,1,fitness,"Symptoms and concomitant conditions affect individuals’ quality of life, highlig",hard
negative predictive value,阴性预测值,2,rehabilitation,The negative predictive value is the percentage of individuals with a negative t,hard
nephropathy,nephropathy病,3,physiology,Potential complications/contraindications may affect the appropriateness of some,hard
nerve,神经,5,physiology,These individuals are commonly recommended to receive an implanted phrenic nerve,medium
neural,神经的,7,physiology,This type of stretching results in improvements in ROM that can be a result of d,medium
neuritis,neuritis炎,2,physiology,"This leads to the observed clinical symptoms of MS (e.g., optic neuritis, ataxia",hard
neurobiological,neurobi学的,1,metabolism,Affect is a neurobiological state that encompasses (often involuntary) physiolog,hard
neurocognitive,neurocogni的,1,physiology,"Additionally, nonpharmacological treatments, such as dietary, neurocognitive, an",hard
neurodegener,神经退行性,2,physiology,multiple sclerosis: synthesis of meta-analytic reviews. Neurodegener Dis Manag. ,hard
neurodegeneration,神经退行性变,3,physiology,The resulting effects of these immune responses include axonal or neuronal loss ,hard
neurodegenerative,neurodegener的,3,physiology,"those younger than 65 yr. Additionally, the neurodegenerative and",hard
neurodevelopmental,neurodevelopment的,1,physiology,ATTENTION-DEFICIT/HYPERACTIVITY DISORDER Attention-deficit/hyperactivity disorde,hard
neurofibrillary,neurofibrill的,2,physiology,Alzheimer’s disease is primarily characterized by two hallmark pathological feat,hard
neurogenesis,神经发生,2,physiology,"exercise on neurogenesis and neuroplasticity, and establish the combination",hard
neuroglycopenic,neuroglycopen的,1,cardiovascular,"More severe neuroglycopenic symptoms may include headache, visual disturbances, ",hard
neuroimage,neuroim过程,1,physiology,Neuroimage Clin.,hard
neuroimaging,神经影像,1,metabolism,"Typically, CP is diagnosed between 12 and 24 mo of age, using a combination of s",hard
neuroimmune,神经免疫,1,physiology,Parkinson’s disease. J Neuroimmune Pharmacol. 2013;8(1):189–201.,hard
neurol,神经病学,46,physiology,Acta Neurol Scand.,easy
neurologic,神经病学的,5,metabolism,Rating neurologic impairment in multiple sclerosis: an expanded disability statu,medium
neurological,神经学的,15,metabolism,"Transient episodes of neurological deficits, known as relapses, characterize ear",medium
neurologically,神经学上,2,metabolism,"Therefore, recommendations for resistance exercise in neurologically healthy old",hard
neurologist,neur学家,2,metabolism,"Therefore, clinicians should consult with a neurologist prior to performing the ",hard
neurology,神经病学,11,physiology,spinal cord injury: a systematic review. Neurology. 2017;89:736–45.,medium
neuromodulation,neuromodula过程,1,musculoskeletal,"neuromodulation (i.e., epidural or transcutaneous spinal cord stimulation), and ",hard
neuromotor,神经运动,30,musculoskeletal,Quantity and quality of exercise for developing and maintaining cardiorespirator,easy
neuromuscular,神经肌肉的,46,musculoskeletal,Chronic effects of different intensities of power training on neuromuscular para,easy
neuromuscular electrical stimulation,neuromuscular electrical stimula过程,2,rehabilitation,Individuals with SCI at or above the T6 level are likely to experience AD (sudde,hard
neuron,神经元,1,physiology,"Those with neurological conditions (i.e., muscular dystrophy, multiple sclerosis",hard
neuronal,神经元的,4,physiology,Evidence suggests that EAMCs may be more related to muscle fatigue and neuronal ,hard
neurons,神经元,2,physiology,"growth of new neurons or the protection of neurons. Therefore, there are",hard
neuropathies,神经病变,4,physiology,Sustained elevated blood glucose levels place individuals at risk for long-term ,hard
neuropathological,neuropath学的,2,metabolism,neuropathological processes associated with the disease begin one to two,hard
neuropathology,neuropath学,1,physiology,mitigate the effect of neuropathology or reduce the accumulation of,hard
neuropathy,神经病变,17,physiology,Potential complications/contraindications may affect the appropriateness of some,medium
neurophysiological,neurophysi学的,1,metabolism,"Exercise, mood and cognitive performance in intellectual disability — a neurophy",hard
neuroplasticity,神经可塑性,3,assessment,The effects of exercise on dopamine neurotransmission in Parkinson’s disease: ta,hard
neuroprotection,neuroprotec过程,1,rehabilitation,Neuroprotection and neurorestoration as experimental therapeutics for Parkinson’,hard
neuroprotective,神经保护性的,4,rehabilitation,"Therefore, there are grounds for cautious optimism that exercise will be shown t",hard
neuropsychologist,神经心理学家,4,metabolism,"In cases of more severe memory impairments, strength testing becomes more hazard",hard
neurorehabilitation,neurorehabilita过程,1,rehabilitation,NeuroRehabilitation.,hard
neurorestoration,neurorestora过程,1,physiology,Neuroprotection and neurorestoration as experimental therapeutics for Parkinson’,hard
neurosci,神经科学,5,musculoskeletal,Neurosci Biobehav Rev.,medium
neuroscience,神经科学,3,musculoskeletal,A neuroscience approach to managing athletes with low back pain.,hard
neurosurg,神经外科,3,physiology,in adults with Down syndrome. World Neurosurg. 2014;82(1–2):215–8.,hard
neurotransmission,neurotransmis过程,1,cardiovascular,The effects of exercise on dopamine neurotransmission in Parkinson’s disease: ta,hard
neurotransmitter,神经递质,1,cardiovascular,The motor features of PD are the result of degeneration of the dopaminergic nigr,hard
neurotrophic,neurotroph的,2,physiology,Treadmill exercise and methylphenidate ameliorate symptoms of attention deficit/,hard
neurotropic,neurotrop的,1,physiology,exercise-induced increases in blood brain-derived neurotropic factor,hard
newly-diagnosed,newly诊断的,1,cardiovascular,Life expectancy of patients with newly-diagnosed HIV infection in the era of hig,hard
nfci,非接触性心脏指数,2,assessment,Diagnosing NFCI involves observation of clinical symptoms over time as different,hard
nmes,神经肌肉电刺激,2,rehabilitation,Individuals with SCI at or above the T6 level are likely to experience AD (sudde,hard
nmes-resistance,神经肌肉电刺激抗阻,2,rehabilitation,Paralyzed muscle groups can now be exercised using surface NMES-resistance train,hard
non-caucasian,非caucasian,1,cardiovascular,"Major risk factors for PAD include diabetes, hypertension, smoking, dyslipidemia",hard
non-electrocardiogram,非electrocardiogram,1,cardiovascular,vigorous intensity exercise program if non-electrocardiogram (ECG) markers such ,hard
nondiagnostic,nondiagnost的,1,cardiovascular,aAssumes that testing is nondiagnostic and is being performed without electrocar,hard
nondialysis,nondialysis溶解,1,cardiovascular,"However, in individuals receiving maintenance hemodialysis, testing should be sc",hard
nonfreezing cold injury,非冻结性冷伤,1,cardiovascular,Diagnosing NFCI involves observation of clinical symptoms over time as different,hard
nonspecific low back pain,非特异性腰痛,3,cardiovascular,European guidelines for the management of acute nonspecific low back pain in pri,hard
nonsteroidal,非甾体类的,4,cardiovascular,Pharmaceutical treatment of OA primarily involves analgesics and topical and ora,hard
noradrenaline,去甲肾上腺素,1,cardiovascular,"nonstimulants (e.g., selective noradrenaline reuptake inhibitor atomoxetine",hard
norm-referenced,norm参照的,2,cardiovascular,"If injuries are motor-complete, voluntary arm-crank ergometry is the easiest to ",hard
normal-weight,正常体重,1,cardiovascular,Increased waist circumference can also be a marker for increased risk even in in,hard
north-holland,北荷兰,1,cardiovascular,Amsterdam (NY): Elsevier/North-Holland Biomedical Press; 1980.,hard
novelty-seeking,新奇寻求,1,cardiovascular,"with PD such as hyposmia, anhedonia, lack of novelty-seeking behavior,",hard
nurse-managed,护士管理的,1,physiology,nurse-managed.,hard
nutrition-potsdam,波茨坦营养,1,physiology,Television watching and incident diabetes: findings from the European Prospectiv,hard
obesity-adults-evidence-report,肥胖成人证据报告,1,prescription,"Clinical guidelines on the identification, evaluation, and treatment of overweig",hard
obesity-related,肥胖相关的,6,fitness,"An increased risk of obesity-related diseases, health conditions, and mortality ",hard
official-positions,官方立场,5,fitness,ONLINE RESOURCES American College of Sports Medicine position stand on overweigh,hard
older adult,老年人,155,physiology,"In general, these publications offered some recommendations that are similar to ",easy
olympic-style,奥林匹克式,12,physiology,Technique Olympic-style weightlifting: Snatch and clean-and-jerk movements.,hard
omni,OMNI量表,11,physiology,Omni scale perceived exertion responses in obese and normal weight male adolesce,medium
omni scale,OMNI量表,3,prescription,Omni scale perceived exertion responses in obese and normal weight male adolesce,hard
oncologist,onc学家,1,metabolism,heterogeneous cohort of adult cancer patients. Oncologist. 2014;19(9):999–1005.,hard
oncology,肿瘤学,6,physiology,Given the lack of precision regarding the definition of “significant” side effec,medium
open-access,开放获取,1,cardiovascular,This is an open-access article distributed under the terms of the Creative Commo,hard
open-circuit,开放回路,2,cardiovascular,Open circuit spirometry is used to measure V∙ O2max during a graded incremental ,hard
open-circuit spirometry,开放式肺量计,1,musculoskeletal,Open circuit spirometry is used to measure V∙ O2max during a graded incremental ,hard
open-ended,开放式的,1,cardiovascular,"A motivational interviewing approach explores why people aren’t active, asks ope",hard
opposite,相反的,1,fitness,The toes of the opposite foot are used to push the anterior block as far forward,hard
orthopnea,端坐呼吸,3,physiology,Orthopnea or paroxysmal nocturnal dyspnea Orthopnea refers to dyspnea occurring ,hard
orthostasis,orthostasis停滞,1,physiology,"Symptomatic orthostasis, fainting, light-",hard
osteoarthritis,骨关节炎,18,musculoskeletal,Resistance training can reduce pain and disability in individuals with osteoarth,hard
osteogenic,osteogenic源的,1,physiology,"Additionally, more limited evidence suggests that combined resistance and higher",hard
osteopathic,osteopath的,1,physiology,"Beck, PhD Edward Via College of Osteopathic Medicine—Auburn Campus Auburn, Alaba",hard
osteopenia,骨量减少,6,cardiovascular,"In addition, reviews of the effect of exercise on bone density indicate that, de",medium
osteopenic,osteopen的,2,cardiovascular,Recent evidence does indicate a minimum frequency of two exercise sessions per w,hard
osteoporos,骨质疏松,9,physiology,Osteoporos Int.,medium
otero-sabogal,otero-sabog的,1,physiology,"109. Pasick RJ, D’Onofrio CN, Otero-Sabogal R. Similarities and",hard
outcome-level,outcome水平,2,physiology,Outcome-level quality of evi- dence (QoE) was calculated using a method based on,hard
over-ground,过度ground,1,physiology,RCTs have been unable to establish the superiority of BWSTT compared to over gro,hard
overload principle,超负荷原则,3,assessment,The overload principle of training states that exercising below a minimum intens,hard
oxidative,氧化性的,4,physiology,Abnormalities in skeletal muscle histochemistry limit oxidative capacity of the ,hard
oximetry,血氧测定法,11,musculoskeletal,Measurement of expired gases through open circuit spirometry during a CPET and o,medium
oxyhemoglobin,氧合血红蛋白,5,physiology,Exercise Testing  Assessment of physiologic function should include evaluations ,hard
pad,外周动脉疾病,32,cardiovascular,Resistance training positively affects walking distance and velocity in those wi,easy
paguidelines,体力活动指南,16,physiology,government (see https://health.gov/paguidelines/2008/) (5).,medium
pain-related,pain相关的,2,physiology,Exercise Testing Individuals with acute or subacute LBP appear to vary in their ,hard
par-q,体力活动准备问卷,14,prescription,"In the absence of professional assistance, interested individuals may use the Ph",hard
paralysis,paralysis溶解,3,physiology,SCI may lead to either motor-complete (AIS A and B) or motor-incomplete (AIS C a,hard
parameter,参数,1,musculoskeletal,,hard
parameters,参数,19,musculoskeletal,"The reviews, which contributed evidence for the impact of a prescription variabl",medium
paraplegia,截瘫,8,musculoskeletal,Incomplete injuries are the most frequent neurological classification (45.8% and,medium
paraspinal,paraspin的,1,physiology,Multifidus and paraspinal muscle group cross- sectional areas of patients with l,hard
parkinson disease,帕金森病,19,musculoskeletal,"Myers, PhD, FACSM, ACSM-CEP, PD VA Palo Alto Health Care System Palo Alto, Calif",hard
partial range,部分范围,1,prescription,"Partial range of motion: Performing RT through an incomplete range of motion, co",hard
pathoanatomical,pathoanatomic的,2,cardiovascular,"pathoanatomical cause), which encompass over 85% of all cases (29). For",hard
pathogenesis,发病机制,4,physiology,Differential effects of fasting and dehydration in the pathogenesis of diabetic ,hard
pathogens,病原体,1,physiology,"infection with other significant pathogens transmitted through air, fluids, or c",hard
pathologic,path学的,2,metabolism,Health care professionals should know the pathologic conditions associated with,hard
pathological,病理的,7,metabolism,Aetiology of sudden cardiac death in athletes in the United Kingdom: a pathologi,medium
pathologies,病理,1,metabolism,"Although ventricular ectopy is more common with some pathologies, such as cardio",hard
pathology,病理学,6,physiology,"When LBP is a symptom of another serious pathology (e.g., cancer), exercise test",medium
pathophysiological,pathophysi学的,1,metabolism,Uncertainty exists as to whether Metsyn is a distinct pathophysiological entity ,hard
pathophysiology,病理生理学,7,physiology,Pathophysiology of human visceral obesity: an update.,hard
patient-caregiver,患者-照护者,2,metabolism,Available from: https://www.rheumatology.org/I-Am- A/Patient-Caregiver/Diseases-,hard
patient-hours,患者小时数,7,physiology,"Older but still relevant research found 1 nonfatal complication per 34,673 patie",hard
patient-reported,patient报告的,1,prescription,Cardiac rehabilitation improves functional capacity and patient-reported health ,hard
patients-families,患者-家属,1,cardiovascular,Anxiety disorders: https://www.psychiatry.org/patients-families/anxiety-,hard
peaking,巅峰状态,1,cardiovascular,"and peaking for specific goals. Thus, it may be that the",hard
pedometer,计步器,1,cardiovascular,"Self-monitoring of exercise can be in the form of a paper-and-pencil log, a hear",hard
pedometers,计步器,3,cardiovascular,"Related strategies or interventions may include recommending community, home, or",hard
percentage of one-repetition maximum,1RM百分比,2,prescription,"%1RM, percentage of one-repetition maximum; RM, repetition maximum; RT, resistan",hard
performance-based,performance基础的,1,cardiovascular,performance-based settings. A review of 51 studies found the risks of fatal (0.2,hard
performance-oriented,表现导向的,1,cardiovascular,Available assessments include the Performance-Oriented Mobility Assessment and t,hard
performance-related,表现相关的,3,cardiovascular,"It should also be noted, however, that muscle fitness is an integral part of per",hard
peri-menopausal,周围menopausal,1,cardiovascular,Effect of exercise programs on symptoms of fibromyalgia in peri-menopausal age w,hard
pericardial,心包的,2,cardiovascular,Consensus Statement of the Study Group of Sport Cardiology of the Working Group ,hard
pericarditis,心包炎,3,metabolism,"Chamber enlargement, ischemia, drug effects, bundle branch blocks, or electrolyt",hard
periodization,周期化训练,17,cardiovascular,"Training to momentary muscle fatigue, equipment type, exercise complexity, set s",hard
peripheral artery disease,外周动脉疾病,14,cardiovascular,Resistance training positively affects walking distance and velocity in those wi,hard
perpendicular,垂直的,5,cardiovascular,"Calf: With the individual standing (feet apart ~20 cm), a horizontal measure is ",hard
perpetuating,持续的,1,cardiovascular,Psychosocial factors that increase the risk of developing or perpetuating long-t,hard
person-hours,人时,1,cardiovascular,An analysis of exercise-related cardiovascular events among participants at YMCA,hard
pharmacology,药理学,4,physiology,The primary sources used to extract the information in Table A.1 are Pharmacolog,hard
pharmacotherapy,药物治疗,6,physiology,EIB can be successfully managed with pharmacotherapy (120).,hard
phenylketonuria,phenylketonuria尿症,1,physiology,"Down syndrome [DS], fragile X syndrome, phenylketonuria) (168), and",hard
phlebitis,phlebitis炎,1,physiology,"blood dyscrasias (e.g., lupus erythematosus); phlebitis, deep vein thrombosis, o",hard
photoplethysmography,光电容积描记法,2,physiology,Light-based technology based on photoplethysmography is now integrated into wear,hard
physical activity monitor,体力活动监测仪,1,assessment,,hard
physical activity readiness questionnaire,体力活动准备问卷,5,prescription,"In the absence of professional assistance, interested individuals may use the Ph",hard
physical inactivity,体力活动不足,19,physiology,"Consequently, the burden of physical inactivity continues to grow with escalatin",hard
physical-activity,体力活动,2,physiology,physical activity (PA) in preventing and treating chronic diseases.,hard
physician-diagnosed,physician诊断的,1,cardiovascular,"Due to the aging population and burgeoning obesity epidemic, the prevalence of p",hard
physicians-american,美国医师,1,assessment,A report of the American College of Cardiology/American Heart Association/Americ,hard
physiologist,生理学家,7,metabolism,"ACSM’s Resources for the Exercise Physiologist, sixth edition of ACSM’s",medium
physiologistr-ball,生理学家球,1,metabolism,ACSM Certified Exercise PhysiologistR-ball (ACSM-EP),hard
physiology,生理学,31,physiology,Too little exercise and too much sitting: inactivity physiology and the need for,easy
physiotherapists,物理治疗师,2,physiology,A clinical practice guideline for physiotherapists treating patients with chroni,hard
physiotherapy,物理治疗,5,physiology,Physiotherapy interventions for ankylosing spondylitis.,hard
plasma,血浆,15,musculoskeletal,Blood glucose Fasting plasma glucose ≥100 mg ∙ dL−1 (5.5 mmol ∙ L−1); or 2 h pla,medium
platelet,血小板,2,physiology,Exercise intensity: platelet function and platelet-leukocyte conjugate formation,hard
platelet-leukocyte,platelet-leukocyte细胞,1,physiology,Exercise intensity: platelet function and platelet-leukocyte conjugate formation,hard
pleasant-activated,愉快激活的,1,physiology,Unpacking the feel-good effect of free-time physical activity: between- and with,hard
plethysmography,plethysmography成像/描记法,9,physiology,Body fat percentage determined from skinfold thickness measurements correlates w,hard
plyometric,ply测量的,1,musculoskeletal,"In healthy athletic populations, multicomponent training, which includes resista",hard
plyometrics,超等长训练,1,fitness,"exercises, plyometrics, and resistance training equipment, which can also result",hard
pneumoconiosis,pneumoconiosis症,1,physiology,■ Pneumoconiosis or occupational lung disease — long-term,hard
pneumonitis,pneumonitis炎,1,physiology,"These disorders include IPF, asbestosis, sarcoidosis, and drug-induced pneumonit",hard
pnf,本体感觉神经肌肉促进法,38,musculoskeletal,Proprioceptive neuromuscular facilitation (PNF) methods take several forms but t,easy
politis,politis炎,1,physiology,"Politis M, Wu K, Molloy S, P GB, Chaudhuri KR, Piccini P.",hard
polyuria,polyuria尿症,2,physiology,"Common symptoms associated with hyperglycemia include polyuria, fatigue, weaknes",hard
pool-based,pool基础的,1,physiology,"For pool-based exercise, a water temperature of 83° to 88° F (28° to 31° C) aids",hard
poorer,更差的,4,physiology,Individuals completing less than 300 m (~984 ft) during the 6-min walk demonstra,hard
population-based,基于人群的,5,physiology,Physical performance limitations and participation restrictions among cancer sur,hard
population-health,人群健康,1,physiology,Too much sitting: the population-health science of sedentary behavior.,hard
population-level,population水平,1,physiology,"Evaluating the Carrot Rewards App, a population-level incentive-based interventi",hard
population-specific,人群特异性的,4,cardiovascular,"Because of this variance, population-specific, two-component model conversion fo",hard
posit,假设,1,fitness,Ecological models posit that behavior results from influences at multiple levels,hard
position,体位/姿势,144,fitness,851 SPECIAL COMMUNICATIONS American College of Sports Medicine Position Stand.,easy
positional,position的,1,fitness,Muscles and joints with significant tightness or contracture may require longer ,hard
positioned,定位的,2,fitness,"If an HR monitor (i.e., chest strap or wristwatch) is used, it should fit snugly",hard
positioning,体位摆放,3,fitness,Individual’s limits of painful movements should guide positioning on the exercis,hard
positions,位置,10,fitness,The outstanding scientists and clinicians who have served in leadership position,medium
positive,阳性的,60,fitness,The PAR-Q+ is an evidence-based tool and was developed in part to reduce barrier,easy
positive predictive value,阳性预测值,2,fitness,The positive predictive value is the percentage of individuals with an abnormal ,hard
positively,正向地,25,fitness,"Compared with CTRL, mus- cle hypertrophy was positively affected by standard RT ",easy
posits,假设,1,fitness,"SCT posits that individuals learn from external reinforcements and punishments, ",hard
post-myocardial,后myocardial,1,cardiovascular,cause mortality are reduced in patients with post-myocardial infarction (MI) who,hard
postbronchodilator,支气管扩张后,2,physiology,Postbronchodilator,hard
postdialysis,postdialysis溶解,3,physiology,"Special Considerations  Hemodialysis ■ Immediately postdialysis, most individual",hard
poster,海报,1,physiology,A Comparison of Land and Water Based Mixed Exercise Interventions on Pain for Ad,hard
posterior,后方的,6,physiology,Types of Flexibility Exercises Flexibility exercise should target the major musc,medium
posterolateral,后外侧的,4,physiology,The individual slides moveable blocks with their toes as far as possible in the ,hard
posteromedial,后内侧的,4,musculoskeletal,The individual slides moveable blocks with their toes as far as possible in the ,hard
postevent,postev的,1,physiology,Absence of CHF or signs/symptoms indicating postevent ischemia,hard
postexercise,运动后,33,assessment,Most protocols that use postexercise HR to assess CRF also use these shorter tim,easy
postmyocardial,postmyocardi的,1,cardiovascular,Medically stable postmyocardial infarction,hard
postprocedure,postproced过程,1,rehabilitation,postprocedure ischemia,hard
prediabetes,糖尿病前期,16,rehabilitation,Objectively measured physical activity and sedentary time are associated with ca,medium
prediagnosis,prediagnosis症,1,cardiovascular,Physical Activity Patterns in Cancer Survivors Exercise volume often decreases d,hard
predialysis,predialysis溶解,2,rehabilitation,Some researchers have used 1-RM testing in predialysis individuals with CKD with,hard
predisposition,易患性,3,fitness,Behavioral lifestyle choices are consistently reported to be the single greatest,hard
preeclampsia,子痫前期,2,metabolism,"gain and gestational diabetes mellitus, decreased risk of preeclampsia and",hard
pregnancy-induced,pregnancy引起的,1,rehabilitation,Preeclampsia or pregnancy-induced hypertensionc,hard
premature ventricular contraction,室性早搏,2,physiology,premature ventricular contraction,hard
preregistration,preregistra过程,1,metabolism,"tion methodology, lack of preregistration, poor report-",hard
preschool-aged,preschool年龄的,1,rehabilitation,further age specificity by delineating PA recommendations for preschool-aged chi,hard
prescription,运动处方,335,rehabilitation,"Resistance Training Prescription for Muscle Function, Hypertrophy, and Physical ",easy
prescriptions,处方,7,rehabilitation,Resistance training prescriptions to improve muscle function and hypertrophy.,hard
prescriptive,prescrip的,2,rehabilitation,"PA as well as relevant prescriptive considerations. The authors, editors, and",hard
preventiontreatmentofhighbloodpressure,preventiontreatmentofhighbloodpress过程,1,metabolism,/HighBloodPressure/PreventionTreatmentofHighBloodPressure/Physical-Activity-,hard
prisma,系统评价与荟萃分析优先报告条目,2,musculoskeletal,There were insufficient data FIGURE 1—Preferred Reporting Items for Systematic R,hard
prisma-compliant,prisma-compli的,1,musculoskeletal,Home-based exercise programmes improve physical fitness of healthy older adults:,hard
proc,程序,14,rehabilitation,blood pressure management: a systematic review and meta-analysis. Mayo Clin Proc,medium
procainamide,普鲁卡因胺,1,cardiovascular,Procainamide ↔ Rest and exercise ↔ Rest and exercise Rest may prolong QRS and QT,hard
procedural,procedur的,1,rehabilitation,"Procedural details for EIB diagnostic testing have been described (120,122).",hard
procedure,操作,16,rehabilitation,This is intended to better align with relevant evidence that exercise testing is,medium
procedures,操作程序,71,rehabilitation,Exercise professionals who supervise exercise and fitness programs should have c,easy
processes,过程,13,rehabilitation,Arm: With the individual standing and arms hanging freely at the sides with hand,medium
processing,处理,11,rehabilitation,Individuals display an augmented sensory processing and inability to modulate pa,medium
proctor,监督员,5,rehabilitation,"Chodzko-Zajko WJ, Proctor DN, Fiatarone Singh MA, et al.",medium
proficiency-second,熟练度第二,2,rehabilitation,Reliability and responsiveness of the Bruininks- Oseretsky test of motor profici,hard
prognosis,预后,35,cardiovascular,The pattern of body fat distribution is recognized as an important indicator of ,easy
progression,进阶,111,prescription,Exercise programs are generally constructed by manipulating six factors comprisi,easy
progressive overload,渐进超负荷,11,fitness,Progressive overload is a concept considered funda- mental to RT programming pri,hard
progressive-relapsing,进展复发型,1,rehabilitation,Progressive-relapsing,hard
propensity,propens性质,1,cardiovascular,This deserves special attention given the increasing propensity of health insure,hard
proprioceptive neuromuscular facilitation,本体感觉神经肌肉促进法,15,musculoskeletal,Proprioceptive neuromuscular facilitation (PNF) methods take several forms but t,hard
proprioceptive training,本体感觉训练,1,fitness,"Neuromotor exercise training, which combines balance, agility, and proprioceptiv",hard
prostatectomy,prostatectomy切除术,1,rehabilitation,"Watch for arm/shoulder symptoms, including lymphedema, and reduce resistance or ",hard
protease,蛋白酶,1,rehabilitation,"Protease inhibitors, another common treatment option, are associated with insuli",hard
protect,保护,4,rehabilitation,"Also, all reasonable efforts must be made to protect the privacy of individual’s",hard
protected,受保护的,2,rehabilitation,Facial skin was chosen because this area of the body is typically not protected ,hard
protecting,保护,1,rehabilitation,"When exercising, individuals should always be in a seated position (to ensure an",hard
protection,保护,5,rehabilitation,Protection against triggering by regular exertion.,medium
protective,保护性的,8,rehabilitation,The duration of this protective effect from an induced refractory period should ,medium
protects,保护,2,musculoskeletal,Clothing Considerations Cold weather clothing protects against hypothermia and f,hard
protein,蛋白质,4,rehabilitation,Bigger weights may not beget bigger muscles: evidence from acute muscle protein ,hard
protein-3,蛋白3,1,rehabilitation,"Effects of resis- tance training on muscle strength, insulin-like growth factor-",hard
proteins,蛋白质,1,rehabilitation,"Acclimatization results in the earlier onset of sweating, reduced sodium loss in",hard
protocol-driven,protocol驱动的,1,rehabilitation,"Protocol-driven, home-based",hard
psychiatric,精神科的,9,physiology,"cystitis bladder syndrome, chronic pelvic pain, temporomandibular joint disorder",medium
psychiatry,精神病学,17,physiology,Gen Hosp Psychiatry.,medium
psychology,psych学,2,physiology,The Psychology of Exercise: Integrating Theory and Practice.,hard
psychometric,psych测量的,1,musculoskeletal,The Revised Fibromyalgia Impact Questionnaire (FIQR): validation and psychometri,hard
psychotherapy,心理治疗,1,physiology,"In individuals with depression, aerobic exercise has proven to be as effective a",hard
publication bias,发表偏倚,1,assessment,11 that incorporates assessment of publication bias,hard
pull-downs,pull整理,2,physiology,Balance the “pushing” exercises with “pulling” exercises such as rowing and lat ,hard
pulmon,肺,2,physiology,chronic obstructive pulmonary disease. Int J Chron Obstruct Pulmon,hard
pulmonary embolism,肺栓塞,2,cardiovascular,"Acute pulmonary embolism, pulmonary infarction, or deep venous thrombosis",hard
pulmonary hypertension,肺动脉高压,2,cardiovascular,Maximal cardiac output determines 6 minutes walking distance in pulmonary hypert,hard
pulse oximetry,脉搏血氧测定,7,musculoskeletal,Measurement of expired gases through open circuit spirometry during a CPET and o,hard
pvc,室性早搏,2,cardiovascular,premature ventricular contraction,hard
qrs complex,QRS波群,1,physiology,"Look for morphologic abnormalities of the P wave, QRS complex, ST segment, T wav",hard
quadriplegia,四肢瘫,3,musculoskeletal,CP was historically categorized according to a distribution of motor abnormaliti,hard
quasi-experimental,quasi-experiment的,1,cardiovascular,"Evaluating the Carrot Rewards App, a population-level incentive-based interventi",hard
radiation-related,radiation相关的,1,physiology,"During treatment, exercise length may need to be modified due to chemotherapy or",hard
radiculopathy,radiculopathy病,1,physiology,syndrome); (b) LBP potentially associated with radiculopathy or spinal,hard
radiography,放射摄影,1,physiology,"Holter monitoring, cardiac echocardiography, chest radiography, pulmonary functi",hard
radiology,radi学,1,physiology,"Biology, Society of Interventional Radiology, and the ACC/AHA Task",hard
radiotherapy,放射治疗,2,physiology,"However, the potential for an adverse cardiopulmonary event might be higher amon",hard
ramp,斜坡,8,physiology,Open circuit spirometry is used to measure V∙ O2max during a graded incremental ,medium
rampello,兰佩洛,1,cardiovascular,"255. Chetta A, Rampello A, Marangio E, et al. Cardiorespiratory response to walk",hard
ramping,递增,1,physiology,"In response to these limitations, modifications of the Bruce protocol and other ",hard
randomized controlled trial,随机对照试验,32,cardiovascular,Effects of different doses of physical activity on cardiorespiratory fitness amo,easy
randomized-controlled,随机对照,1,cardiovascular,Effects of different doses of physical activity on cardiorespiratory fitness amo,hard
range of motion,关节活动范围,36,musculoskeletal,"However, voluntary strength was enhanced by lifting heavier loads (≥80% one-repe",easy
rapid-acting,速效的,1,musculoskeletal,"Synthetic, rapid-acting insulin analogs (i.e., lispro, aspart, and glulisine) in",hard
ratchet-like,棘轮样,1,rehabilitation,"Rigidity is an increase in tone, often with a ratchet-like quality called cogwhe",hard
rate-adaptive,rate-adap的,1,physiology,"The different types of pacemakers include the following:  Rate-responsive (i.e.,",hard
rate-modulated,速率调节的,1,physiology,"The different types of pacemakers include the following:  Rate-responsive (i.e.,",hard
rate-perceived,自觉速率,1,cardiovascular,Heart rate-perceived exertion relationship during exercise in orthotopic heart t,hard
rate-pressure,心率血压,11,rehabilitation,Rate-Pressure Product Rate-pressure product (also known as double product) is ca,hard
rate-pressure product,心率血压乘积,9,cardiovascular,Rate-Pressure Product Rate-pressure product (also known as double product) is ca,hard
rate-responsive,rate-respons的,1,physiology,"The different types of pacemakers include the following:  Rate-responsive (i.e.,",hard
rating of perceived exertion,主观用力感觉评级,21,cardiovascular,Application of the repetitions in reserve-based rating of perceived exertion sca,easy
rct,随机对照试验,2,assessment,Effects of different doses of physical activity on cardiorespiratory fitness amo,hard
real-time,实时,2,prescription,"Open-circuit respirometry: real-time, laboratory-based systems.",hard
recent-onset,recent发病,1,prescription,Early physical therapy vs usual care in patients with recent-onset low back pain,hard
reciprocal,reciproc的,1,rehabilitation,populations (23–25). SCT is based on the principle of reciprocal,hard
recreational athlete,业余运动员,1,cardiovascular,,hard
reductase,还原酶,1,physiology,"Statin drugs, also known as hydroxymethylglutaryl-coenzyme A (HMG-CoA) reductase",hard
reduction,减少,57,physiology,Although dizziness or syncope shortly after cessation of exercise should not be ,easy
reductions,减少,19,physiology,risk reductions (57). Emerging evidence suggests that PA accumulated in bouts of,medium
rehabil,康复,118,cardiovascular,J Sport Rehabil.,easy
rehabilitating,康复中,1,cardiovascular,These findings may be important for individuals who are rehabilitating an injury,hard
rehabilitation-evidence,rehabilitation-evid状态,1,cardiovascular,Spinal Cord Injury Rehabilitation Evidence: https://scireproject.com/evidence/re,hard
reimbursement,reimburse过程,1,rehabilitation,"In addition, individuals with peripheral artery disease (PAD) have recently been",hard
relapsing-remitting,复发缓解型,2,cardiovascular,People with MS are described as having relapsing remitting MS if they experience,hard
relative contraindication,相对禁忌证,9,prescription,bThe Canadian guideline specifies triplets and higher as an absolute contraindic,hard
rer,呼吸交换率,6,physiology,The CPET provides additional data that are not available without expired gas ana,medium
research-based,research基础的,1,physiology,This will likely continue due to physician familiarity and the breadth of resear,hard
reserve-based,reserve基础的,1,physiology,Application of the repetitions in reserve-based rating of perceived exertion sca,hard
resistance-based,抗阻为基础的,5,physiology,Resistance-Based Interval Training: barbell complex — five repetitions of the,hard
resistance-trained,抗阻训练的,3,physiology,The minimum effective training dose required to increase 1RM strength in resista,hard
respir,呼吸,45,physiology,chronic respiratory disease. Eur Respir J. 2014;44(6):1428–46.,easy
respiration,呼吸,8,physiology,"Practically, as the athlete exhales greater and greater levels of carbon dioxide",medium
respiratory,呼吸的,62,physiology,Performance of exercise at this level of physical exertion depends on the integr,easy
respiratory compensation point,呼吸代偿点,1,cardiovascular,"of the lactate threshold, ventilatory threshold, and respiratory compensation po",hard
respirology,呼吸病学,5,physiology,the Thoracic Society of Australia and New Zealand. Respirology. 2014;19(1):38–46,medium
respirometry,呼吸测量法,1,musculoskeletal,"Open-circuit respirometry: real-time, laboratory-based systems.",hard
rest interval,休息间歇,16,prescription,Effects of rest interval duration in resistance training on mea- sures of muscul,hard
rest-redistribution,rest-redistribu过程,1,physiology,Rest redistribution: Short rest periods between each repetition.,hard
retinopathy,retinopathy病,6,cardiovascular,Resistance training should be encouraged for individuals with DM or prediabetes ,medium
retraining,复训,1,prescription,"techniques, breathing retraining techniques such as pursed lips breathing,",hard
revascularization,血运重建,5,physiology,Both are appropriate for individuals with or without a history of IHD being cons,hard
revisited,再探讨,2,fitness,"Oxygen uptake and endurance fitness in children, revisited.",hard
revisiting,再探讨,2,fitness,Revisiting age-predicted maximal heart rate: can it be used as a valid measure o,hard
rhabdomyolysis,横纹肌溶解症,1,musculoskeletal,Heat exhaustion is characterized by prominent fatigue and progressive weakness w,hard
rheumatoid arthritis,类风湿性关节炎,13,musculoskeletal,The two most common forms of arthritis are OA and rheumatoid arthritis (RA).,hard
rheumatology,风湿病学,22,physiology,The American College of Rheumatology (ACR) published the first diagnostic criter,easy
rhinology,rhin学,1,cardiovascular,Rhinology. 2014;53(1):99–106.,hard
risk stratification,风险分层,16,prescription,Risk Stratification for Individuals with Clinical Conditions and Medical Fitness,hard
rmr,静息代谢率,1,metabolism,"This value has been used for the resting metabolic rate (RMR) for many years (7,",hard
rockport,Rockport步行试验,5,physiology,"For example, the Rockport One-Mile Fitness Walking Test could be better suited f",medium
rom,关节活动范围,72,musculoskeletal,Principles Muscle function tests are very specific to the muscle group and joint,easy
rpe,主观用力感觉,72,cardiovascular,Application of the repetitions in reserve-based rating of perceived exertion sca,easy
rpes,自觉用力程度,1,cardiovascular,"The correlation between RPE and indicators of exercise intensity is strong, but ",hard
runner-hours,跑步者小时,1,physiology,(128) studied over 10 million marathon and half-marathon runners and identified ,hard
rural-urban,城乡,1,physiology,"Prevalence of meeting aerobic, muscle- strengthening, and combined physical acti",hard
sarcoidosis,sarcoidosis症,3,physiology,"These disorders include IPF, asbestosis, sarcoidosis, and drug-induced pneumonit",hard
sarcopenia,肌少症,22,cardiovascular,“Healthy adults” was operational- ized as humans (≥18-yr old) with no defined di,easy
schematic,schemat的,1,physiology,FIGURE 2—Schematic representation of the modes of RT and the outcomes that are p,hard
scholarship-doctoral,scholarship-doctor的,1,physiology,was supported by an Alexander Graham Bell Canada Graduate Scholarship-Doctoral.,hard
school-aged,学龄的,5,physiology,Systematic review of sedentary behaviour and health indicators in school-aged ch,hard
school-based,school基础的,1,physiology,"In school-based settings, the FITNESSGRAM test battery may be used to assess the",hard
sci,脊髓损伤,278,musculoskeletal,and Physical Performance in Healthy Adults: An Overview of Reviews. Med. Sci. Sp,easy
scientific-report,科学报告,1,musculoskeletal,"Beyond attenuating chronic disease risks, additional conclusions regarding the b",hard
sclerosis,硬化,60,physiology,Resistance training improves strength and functional capacity in persons with mu,easy
scoliosis,scoliosis症,1,musculoskeletal,"■ Restrictive chest wall disease, (e.g., scoliosis or kyphosis)",hard
screen-based,screen基础的,1,cardiovascular,Emerging evidence also suggests that sedentary behavior and screen-based activit,hard
screen-time,屏幕时间,1,cardiovascular,"Expert panels from the National Heart, Lung, and Blood Institute (NHLBI) and the",hard
second-edition,第二版,5,metabolism,"Faulkner, PhD, FACSM, Co-chair Second Edition, 1980 R.",hard
sedentary behavior,久坐行为,47,physiology,SEDENTARY BEHAVIOR AND HEALTH Despite the well-known health benefits of regular ,easy
sedentary time,久坐时间,22,prescription,Association of sedentary time with mortality independent of moderate to vigorous,easy
self-aggression,self-aggres过程,1,physiology,"inappropriate behaviors (self-aggression, self-injury) (104). Moreover,",hard
self-confidence,self-confid状态,1,physiology,been shown to significantly increase mood and self-confidence in this,hard
self-control,自控,3,physiology,Another important concept in SCT is self-regulation or self-control.,hard
self-determination,自我决定,17,cardiovascular,Allowing individuals to self-select frequency and time may differentially influe,hard
self-determined,自我决定的,3,cardiovascular,Self-determined: Goals should be developed primarily by the individual.,hard
self-efficacy,自我效能,38,physiology,"Functional self-efficacy, perceived gait ability and perceived exertion in walki",easy
self-esteem,自尊,1,physiology,"This avoidance has negative consequences both physically (i.e., loss of strength",hard
self-evaluations,自我评价,1,physiology,The role of self-determined motivation in the understanding of exercise-related ,hard
self-guided,自我指导的,6,physiology,The PAR-Q+ may be used as a self-guided exercise preparticipation health screeni,hard
self-inducing,自我诱导,2,assessment,The practice of self-inducing AD is termed boosting and has been used to induce ,hard
self-initiation,self-initia过程,1,physiology,enhancing sense of choice and self-initiation of activities to build feelings,hard
self-injury,自伤,1,physiology,"inappropriate behaviors (self-aggression, self-injury) (104). Moreover,",hard
self-management,自我管理,3,physiology,"Optimal treatment of arthritis features a multidisciplinary approach, which incl",hard
self-mobility,self-mobil性质,1,physiology,Self-mobility with limitations; wheeled mobility used,hard
self-modeling,自我建模,1,physiology,"Types of video modeling include basic video modeling, video self-modeling, point",hard
self-monitor,自我监测,1,physiology,"Self-regulation/self-control is an individual’s ability to set goals, monitor pr",hard
self-monitored,自我监测的,1,physiology,Comparison of effects of supervised versus self-monitored training programmes in,hard
self-monitoring,自我监测,12,physiology,"PA apps are widely available and, as discussed in the “Self-Monitoring” section,",hard
self-paced,自定节奏的,4,metabolism,Exercise professionals and clinicians should screen each person carefully and fa,hard
self-perceived,自我感知的,2,cardiovascular,"More recently, the Lifestyle Interventions and Independence for Elders (LIFE) st",hard
self-propelled,自推进的,1,cardiovascular,Cycle ergometers also require additional focus and attention in order for the ap,hard
self-ratings,自评,1,physiology,"response to exercise, self-ratings of affect or of the",hard
self-regulation,自我调节,7,physiology,Teach individuals with fibromyalgia to adjust exercise intensity according to th,hard
self-report,自我报告,5,prescription,Current estimates (from self-report) are that only ~30% of American adults compl,hard
self-reported,自我报告的,7,prescription,Adult self-reported and objectively monitored physical activity and sedentary be,hard
self-responsibility,self-responsibil性质,1,physiology,"These efforts should be complemented by making self-responsibility (e.g., meetin",hard
self-reward,自我奖励,1,physiology,"Self-regulation/self-control is an individual’s ability to set goals, monitor pr",hard
self-screening,自我筛查,1,cardiovascular,self-screening tool should be completed by any individual wishing to initiate an,hard
self-select,自选,2,physiology,Allowing individuals to self-select frequency and time may differentially influe,hard
self-selected,自我选择的,3,physiology,"In addition, because the individual walks at a self-selected pace, a field walki",hard
self-selecting,自我选择的,3,physiology,Self-selecting the intensity of exercise can be helpful for individuals to start,hard
self-worth,自我价值,1,physiology,"and fitness levels, low physical self-worth, and limited aerobic training",hard
sem,测量标准误,13,assessment,"TABLE 12.5 • Most Common Exercise Barriers (83), Relevant Theories, and Potentia",medium
seminal,semin的,1,cardiovascular,health and preventing and treating chronic disease. These seminal works,hard
semirecumbent,semirecumb的,2,cardiovascular,Cycle ergometry (work rate increase of 5–10 W ∙ min−1 or 20 W per stage) and dua,hard
semitandem,半串联,1,cardiovascular,"of support (e.g., two-legged stand, semitandem stand, tandem stand, one-",hard
semmence,semm状态,1,assessment,"Morris JN, Clayton DG, Everitt MG, Semmence AM, Burgess EH.",hard
senior fitness,老年体适能,10,fitness,National Council on Aging. Senior Fitness & Exercise Programs [Internet].,hard
senior fitness test,老年体适能测试,8,fitness,TABLE 6.3 • Commonly Used Physical Performance Tests Measure and Description Adm,hard
sensitive,敏感的,4,fitness,"For strength training involving use of selectorized machines or free weights, in",hard
sensitivity,敏感性,38,fitness,"Outcome data were tabulated as collected, and no sensitivity analyses were condu",easy
set,组,62,prescription,"Training to momentary muscle fatigue, equipment type, exercise complexity, set s",easy
seven-site,seven部位,2,fitness,"Seven-site formula (chest, midaxillary, triceps, subscapular, abdomen,",hard
shelf-transfer,架子转移,1,physiology,The gallon-jug shelf-transfer test: an instrument to evaluate deteriorating func,hard
short-acting,短效的,2,musculoskeletal,Use of short-acting bronchodilators may be necessary before or after exercise to,hard
short-duration,short-dura过程,2,physiology,Short-duration clinical experiments have demonstrated that prolonged sitting eli,hard
short-term,短期的,15,physiology,"Effects of short-term strength training on body composition, muscle strength and",hard
single-chambered,单腔的,1,metabolism,Single-chambered pacemakers that have only one lead placed into the,hard
single-component,single-compon的,1,metabolism,"In fact, the evidence suggests that the benefits of multicomponent exercise to p",hard
single-dimension,single-dimen过程,1,metabolism,"However, there is insufficient evidence for any benefit of emphasizing single-di",hard
single-frequency,single-frequ状态,1,prescription,Reliance on the results from empirical linear regression models is a limitation ,hard
single-joint,单关节,7,metabolism,"versus free-weight RT (100), single-joint versus multi-",hard
single-stage,单阶段的,6,metabolism,Cycle Ergometer Tests The Åstrand-Ryhming cycle ergometer test is a single-stage,hard
single-step,单步,1,metabolism,Åstrand and Ryhming (103) used a single-step height of 33 cm (13 in) for women a,hard
single-task,单任务,2,metabolism,"Moreover, multicomponent activities that can be incorporated into the daily rout",hard
single-trained,single训练的,1,metabolism,The paradigms of FES necessary to evoke muscle activation may vary from a single,hard
sit,冲刺间歇训练,11,fitness,Box 1.3 The Primary Physical Activity Recommendations for Adults from the Physic,medium
sit-and-reach,坐位体前屈,8,fitness,"Rather than providing an angular measurement, the sit-and-reach test is an indir",hard
sit-to-stand,坐站,7,fitness,Relationship of sit-to-stand lower-body power with functional fitness measures a,hard
sit-to-stands,坐站,1,fitness,"Tests of functional strength, such as the number of sit-to-stands performed in 3",hard
sit-up,仰卧起坐,1,fitness,Relations of sit-up and sit-and-reach tests to low back pain in adults.,hard
sit-ups,仰卧起坐,1,fitness,"jumping rope, swimming, dancing, bicycling, and sports such as soccer, basketbal",hard
site,部位,21,fitness,Direct URL citations appear in the printed text and are provided in the HTML and,easy
site-specific,site特异性的,1,cardiovascular,The associations of sitting time and physical activity on total and site-specifi,hard
sites,部位,29,fitness,"To this effect, in this edition, text descriptions have been minimized; more tab",easy
sits,坐,1,fitness,"After stepping is completed, the individual immediately sits down, and HR is cou",hard
sitting,久坐,40,fitness,"To clarify, sedentary behavior is defined as any behavior characterized by an en",easy
situation,情况,7,fitness,The application of this information in a partic- ular situation remains the prof,medium
situational,situation的,1,fitness,"While continuous pulse oximetry is typically not necessary, frequent checks of a",hard
situations,情况,15,fitness,"In situations where an HR monitor or ECG is unavailable, it may be necessary to ",medium
skill-related,技能相关的,7,physiology,These attributes or characteristics are commonly separated into health- and skil,hard
skill-related fitness,技能相关体适能,1,fitness,"development of motor skills, skill-related fitness, social functioning, and",hard
skinfold thickness,皮褶厚度,2,assessment,Body fat percentage determined from skinfold thickness measurements correlates w,hard
small-sided,小场地的,1,musculoskeletal,Adequate supports should therefore be provided to individuals with ASD when orga,hard
social model,社会模式,2,rehabilitation,,hard
social-support,社会支持,1,assessment,"Incorporation of behavioral strategies such as social support, self- efficacy, t",hard
society-unified,统一学会,1,assessment,The standard clinical scale for assessing PD is the Movement Disorder Society Un,hard
sodium-containing,含钠的,1,physiology,Sodium-containing beverages or salted snacks will help retain fluid.,hard
sometimes,有时,5,prescription,Individuals with SCI at or above the T6 level are likely to experience AD (sudde,medium
sphygmomanometer,血压计,3,cardiovascular,"sphygmomanometer, skinfold caliper) has been calibrated according to",hard
spinal,脊髓的,74,physiology,Examples of resistance training exercises that address opposing muscle groups ar,easy
spinal cord injury,脊髓损伤,42,musculoskeletal,Med Sci Sports Exerc.,easy
spinally,脊髓地,1,physiology,spinally mediated reflex response called the mass reflex that can be a life-thre,hard
spirometric,肺量测量的,1,musculoskeletal,The testing should be accompanied by a spirometric evaluation of the change in f,hard
spirometry,肺量测定法,5,musculoskeletal,Open circuit spirometry is used to measure V∙ O2max during a graded incremental ,medium
spondylitis,脊柱炎,5,physiology,Individuals with LBP can be classified into one of three broad categories: (a) L,medium
spondyloarthropathies,脊柱关节病,1,assessment,"atherosclerosis (4,5). Other common rheumatic diseases include gout, spondyloart",hard
sport-related,sport相关的,1,physiology,"for sport-related injuries, with the highest rates found in children between the",hard
sport-specific,sport特异性的,3,cardiovascular,"Other equations have been published that are sex, age, race, fat, and sport spec",hard
sports-related,sports相关的,3,fitness,"It should be noted that these rates, although low, included all sports-related n",hard
spring-loaded,弹簧加载的,2,rehabilitation,"If a Gulick-type spring-loaded tape measure is used, the handle should be extend",hard
st-segment,ST段,29,physiology,"Two years ago, she had a drug- eluting stent placed in her left anterior descend",easy
stage-based,stage基础的,1,metabolism,"Stage-based interventions, across various groups and populations, have been effe",hard
stage-specific,stage特异性的,1,cardiovascular,progression through the stages can be facilitated by the use of stage-specific,hard
stage-tailored,分阶段定制的,3,metabolism,Determine stage of change and provide stage-tailored counseling.,hard
stand-alone,独立的,2,physiology,"Body weight-supported RT was a portion of some reviews, but was not studied as a",hard
static stretching,静态拉伸,30,prescription,"Low-to-moderate intensity flexibility exercises, such as static stretching, may ",easy
stay-certified,保持认证,1,physiology,https://www.acsm.org/get-stay-certified/get-certified/prepare-for-,hard
steady-state,稳态,3,physiology,The most accurate estimate of V∙ O2max is achieved from the HR response to subma,hard
stenosis,狭窄,15,cardiovascular,These data clearly indicate that the most common causes of SCD in young individu,medium
step-based,step基础的,1,physiology,Step-based physical activity metrics and cardiometabolic risk: NHANES 2005-2006.,hard
sternotomy,胸骨切开术,15,cardiovascular,Individuals with a Sternotomy The median sternotomy is the standard incision to ,medium
steroid,类固醇,1,physiology,"Cardiac and metabolic effects of anabolic- androgenic steroid abuse on lipids, b",hard
steroids,类固醇,2,physiology,"Additionally, the use of oral anabolic steroids has been associated with a 20%–7",hard
stethoscope,听诊器,7,cardiovascular,"HR can be determined using several techniques including pulse palpation, auscult",medium
stimulation-assisted,stimulation辅助,1,physiology,Oxygen consumption during functional electrical stimulation-assisted exercise in,hard
strateg-phys-act-guidelines,strateg-phys-act指南,1,physiology,Available from: http://www.health.gov.au/internet/main/publishing.nsf/Content/he,hard
strength-power,力量功率,1,physiology,Periodization and block periodization in sports: emphasis on strength-power trai,hard
strength-promoting,促进力量的,2,musculoskeletal,"Furthermore, participating in strength-promoting exercise reduces all-cause mort",hard
strength-related,strength相关的,1,physiology,"Skeletal muscle fiber type, resistance training, and strength-related performanc",hard
stress-related,stress相关的,1,physiology,An examination of the anxiolytic effects of exercise for people with anxiety and,hard
student-driven,student驱动的,1,physiology,Impact of a student-driven wellness program for individuals with disabilities on,hard
subepicardial,subepicardi的,1,cardiovascular,"Among individuals without prior MI, exercise-induced ST-segment elevation most o",hard
submaximal test,亚极量测试,9,prescription,"Some of the assumptions inherent in a submaximal test are more easily met (e.g.,",hard
submaximal-intent,submaximal-int的,1,physiology,Effects of maximal-versus submaximal-intent resistance training on functional ca,hard
subtracting,减去,1,musculoskeletal,"When using these equations to determine caloric expenditure, V∙ O2 should be use",hard
supraspinal,supraspin的,2,rehabilitation,"When there is no supraspinal sympathetic input to the heart (T1–T5), resting HR ",hard
sweat rate,出汗率,7,metabolism,Determining sweat rate (L ∙ h−1) by measuring body weight before and after exerc,hard
sweat sodium,汗液钠,1,metabolism,"electrolyte concentrations (64). However, water loss and significant sweat sodiu",hard
swimming-induced,游泳引起的,4,cardiovascular,Swimming-induced pulmonary edema (SIPE) is a rare cause of acute breathlessness ,hard
sympathomimetic,拟交感神经的,1,cardiovascular,sympathomimetic,hard
sympathomimetics,拟交感神经药,1,cardiovascular,Sympathomimetics,hard
symptom-based,symptom基础的,1,physiology,"After ongoing concerns with the 1990 criteria, the ACR published a symptom-based",hard
symptom-limited,症状限制性,34,cardiovascular,"In addition, the majority of these studies used symptom-limited maximal exercise",easy
symptom-limited test,症状限制性测试,1,cardiovascular,,hard
symptoms-causes,症状-原因,2,musculoskeletal,ONLINE RESOURCES Alzheimer’s Association: https://www.alz.org Mayo Clinic: https,hard
synovitis,synovitis炎,1,cardiovascular,"swelling (inflammation) of the joint lining (synovitis), damage to articular car",hard
systematic review,系统评价,280,assessment,Records were defined as a “systematic review” if they were titled as an evidence,easy
t-wave,T波,3,cardiovascular,■ If positive or nonspecific ECG changes in response to exercise are noted or no,hard
t1dm,1型糖尿病,23,physiology,Type 1 diabetes mellitus diagnosed at age 7 yr.,easy
t2dm,2型糖尿病,35,physiology,Recent evidence suggests that resistance training is as effective as aerobic tra,easy
tachycardia,心动过速,15,physiology,Palpitations or tachycardia Palpitations (defined as an unpleasant awareness of ,medium
talk test,说话测试,10,prescription,The talk test: a useful tool for prescribing and monitoring exercise intensity.,hard
tampa,坦帕,1,physiology,The effects of the A Matter of Balance Program on falls and physical risk of fal,hard
taper,减量训练,1,cardiovascular,"Effects are evident in programs lasting from 4 to 15+ wk; however, effects may t",hard
target heart rate,目标心率,2,physiology,"Also, the heart rate reserve method is a more accurate way of establishing a tar",hard
task-specific,task特异性的,1,cardiovascular,Determine task-specific self- efficacy.,hard
taxonomy,分类学,1,cardiovascular,The behavior change technique taxonomy (v1) of 93 hierarchically clustered techn,hard
technology,技术,9,cardiovascular,"Related strategies or interventions may include recommending community, home, or",medium
technology-delivered,技术交付的,1,cardiovascular,Technology-delivered interventions such as internet- based programs also hold pr,hard
telemetry,遥测,4,musculoskeletal,HR telemetry monitors with chest electrodes or radio telemetry have proven to be,hard
telephone-delivered,电话交付的,1,physiology,Telephone-delivered interventions for physical activity and dietary behavior cha,hard
tend,趋向,12,physiology,Protocols with fixed stepping rates and step heights tend to produce less accura,medium
tendency,倾向,3,physiology,The primary characteristics of individuals with T1DM are nearly absolute insulin,hard
tender,触痛的,2,physiology,The American College of Rheumatology (ACR) published the first diagnostic criter,hard
tenderness,tender状态,1,physiology,"Evaluation of the abdomen for bowel sounds, masses, visceromegaly, and tendernes",hard
tendinopathy,tendinopathy病,2,cardiovascular,Is there an association between tendinopathy and diabetes mellitus?,hard
tendon,肌腱,14,musculoskeletal,His only significant medical history is a series of overuse injuries to his shou,medium
tendons,肌腱,2,musculoskeletal,"In addition, compliance (i.e., tightness) of various other tissues such as ligam",hard
tends,倾向于,3,physiology,The frequently used (220 − age) HRmax equation tends to underpredict HRmax in ol,hard
tenodesis,肌腱固定术,3,cardiovascular,"Tenodesis (i.e., active wrist extensor-driven finger flexion) allows functional ",hard
tensiometers,张力计,1,musculoskeletal,Static or isometric strength can be measured conveniently using a variety of dev,hard
terminology,术语,6,cardiovascular,PHYSICAL ACTIVITY AND FITNESS TERMINOLOGY PA and exercise are often used interch,medium
test-retest,重测,3,physiology,Test-retest reliability of the 20-sec Wingate test to assess anaerobic power in ,hard
test-retest reliability,重测信度,2,assessment,Test-retest reliability of the 6-minute walk test in individuals with Down syndr,hard
testing-1999,1999年测试,1,physiology,Guidelines for methacholine and exercise challenge testing-1999.,hard
tetraplegia,四肢瘫,14,musculoskeletal,Incomplete injuries are the most frequent neurological classification (45.8% and,medium
theory-based,theory基础的,3,physiology,Promoting physical activity: development and testing of self-determination theor,hard
therapeutics,治疗学,1,cardiovascular,Neuroprotection and neurorestoration as experimental therapeutics for Parkinson’,hard
therapist,治疗师,5,physiology,Introduction to the GRADE approach for guideline development: considerations for,medium
therapists,治疗师,2,physiology,"physiologists, nurses, physical therapists, and physician assistants. This shift",hard
thermoneutral,thermoneutr的,1,physiology,The thermoneutral zone: implications for metabolic studies.,hard
thermoregulation,体温调节,11,physiology,EXERCISE IN HOT ENVIRONMENTS The body’s mechanisms for thermoregulation occur th,hard
thermoregulatory,体温调节的,8,physiology,"Because of immature thermoregulatory systems, youth are at greater risk of heat-",hard
third-degree,third度,3,metabolism,"Sustained ventricular tachycardia or other arrhythmia, including second- or thir",hard
third-party,第三方,1,physiology,"Additionally, in efforts to improve public safety, mandates for certification by",hard
three-site,三部位的,4,fitness,"Three-site formula (chest, triceps, subscapular)",hard
three-year,三年的,1,metabolism,obstructive pulmonary disease. Three-year follow-up. Am J Respir Crit,hard
thromb,血栓,1,musculoskeletal,Thromb Res. 2008;122(1):77–84.,hard
thromboembolism,血栓栓塞,1,musculoskeletal,thromboembolism,hard
thrombogenicity,thrombogenic性质,1,musculoskeletal,"Moreover, plaque rupture may be induced somewhat spontaneously via increased fib",hard
thrombophlebitis,thrombophlebitis炎,1,musculoskeletal,Acute thrombophlebitis,hard
thrombosis,血栓形成,4,musculoskeletal,Unilateral edema of a limb often results from venous thrombosis or lymphatic blo,hard
thyroid,甲状腺,3,physiology,"disease, cystic fibrosis, diabetes mellitus, thyroid disease, human immunodefici",hard
thyroiditis,thyroiditis炎,1,metabolism,"Other metabolic conditions, such as acute thyroiditis, hypokalemia,",hard
thyrotoxicosis,thyrotoxicosis症,1,physiology,Palpitations also often result from anxiety states and high cardiac output (or h,hard
thysmography,thysmography成像/描记法,1,physiology,Air displacement ple–thysmography and dual-energy x-ray absorptiometry (DXA) met,hard
time under tension,张力持续时间,6,prescription,"Training to momentary muscle fatigue, equipment type, exercise complexity, set s",hard
time-based,time基础的,1,prescription,Criterion-related validity of the distance- and time-based walk/run field tests ,hard
time-dependent,time-depend的,1,cardiovascular,Altitude acclimatization consists of physiologic adaptations that develop in a t,hard
time-series,时间序列,1,prescription,Comorbidity clusters in autism spectrum disorders: an electronic health record t,hard
time-under-tension,time-under-ten过程,1,prescription,"Training to momentary muscle fatigue, equipment type, exercise complexity, set s",hard
timed up and go,起立-行走计时测试,4,prescription,Timed up and go tests in cardiac rehabilitation: reliability and comparison with,hard
timodal,timod的,1,physiology,Effectiveness of mul- timodal training on functional capacity in frail older peo,hard
tomography,断层扫描,4,physiology,"Prediction of the deleterious visceral adipose tissue volume, as correlated with",hard
tools-resources,工具资源,1,physiology,https://www.healthypeople.gov/2020/tools-resources/evidence-based-,hard
torso-placed,躯干放置的,1,metabolism,"However, torso-placed limb leads should be noted for all ECG tracings to avoid m",hard
trainerr-ball,训练球,3,physiology,"ACSM-CPT, ACSM Certified Personal TrainerR-ball; AED, automated external defibri",hard
training-based,training基础的,1,physiology,The effects of exclusively re- sistance training-based supervised programs in pe,hard
training-mediated,训练介导的,1,physiology,Neither load nor systemic hormones determine resistance training-mediated hypert,hard
trans-adults-united-states,美国跨性别成人,1,physiology,Available from: https://williamsinstitute.law.ucla.edu/publications/trans-adults,hard
transition,过渡期,8,fitness,Dynamic or slow movement stretching involves a gradual transition from one body ,medium
transitional,过渡性的,5,fitness,"Vigorous exercise is associated with the greatest risk, and much of that risk is",medium
transitioned,过渡的,1,fitness,Slow and steady disease progression that transitioned from,hard
transitioning,过渡中,1,fitness,symptoms when transitioning to standing. This is particularly common in individu,hard
transitions,过渡,1,fitness,Box 12.2 Example Strategies to Facilitate Stage Transitions Precontemplation → C,hard
transmission-based,transmission基础的,1,cardiovascular,"standard precautions, transmission-based precautions should be used for individu",hard
treadmill-based,treadmill基础的,1,cardiovascular,TABLE 3.8 • Treadmill-Based Cardiorespiratory Fitness,hard
treatment-related,treatment相关的,3,physiology,*Cancer survivors for whom the Ex Rx may be individualized include those with me,hard
troponin,肌钙蛋白,1,physiology,Stable or falling creatine kinase and troponin values,hard
trunk-curl,躯干卷曲,1,physiology,Validity and reliability of a bench trunk-curl test of abdominal endurance.,hard
trunk-stabilizing,躯干稳定,1,cardiovascular,Muscular strength training sessions from a seated position in the wheelchair sho,hard
tuberculosis,tuberculosis症,2,physiology,Consider the use of disposable mouth pieces and proper sterilization of all nond,hard
tug,起立-行走计时测试,6,assessment,Timed Up-and-Go The impacts of RT versus CTRL and distinct RTx variables on time,medium
tug-of-war,拔河,1,assessment,"tug-of-war), or",hard
tugwell,塔格韦尔,1,assessment,"Brosseau L, MacLeay L, Robinson V, Wells G, Tugwell P.",hard
twelve-month,十二个月,1,physiology,Twelve-month and lifetime prevalence and lifetime morbid risk of anxiety and moo,hard
twenty-first,第二十一,1,physiology,"Prevalence, comorbidity, and service utilization for mood disorders in the Unite",hard
type,类型,217,cardiovascular,"Training to momentary muscle fatigue, equipment type, exercise complexity, set s",easy
type 1 diabetes,1型糖尿病,16,cardiovascular,Type 1 diabetes mellitus diagnosed at age 7 yr.,hard
type 2 diabetes,2型糖尿病,38,cardiovascular,Recent evidence suggests that resistance training is as effective as aerobic tra,easy
ultrasonographic,ultrasonograph的,1,cardiovascular,Ultrasonographic femur-tibial length ratio: a marker of Down syndrome from the l,hard
uncomplicated,无并发症的,4,physiology,The uncomplicated resolution of AMS or its absence in the first 3–4 d following ,hard
undiagnosed,未诊断的,3,cardiovascular,"To better identify those who may have undiagnosed disease, individuals should be",hard
undulating periodization,波动周期化,1,prescription,Effects of linear periodization versus daily undulating periodization on neuromu,hard
unintended,非预期的,1,physiology,Positioning and level of comfort during exercise testing need to be considered t,hard
union-funded,工会资助的,1,physiology,"In children and adolescents, the most updated and evidence-based fitness test ba",hard
university,大学,183,fitness,"Phillips, PhD, Department of Kinesiology, McMaster University, 1280 Main Street ",easy
untended,未注意的,1,physiology,Interval training has been associated with lower levels of dyspnea and fewer unt,hard
upper extremity lymphedema,上肢淋巴水肿,2,cardiovascular,Arm morbidity and upper extremity lymphedema: Survivors with established upper e,hard
upper-body,upper身体,2,cardiovascular,The movement directions “horizontal” and “vertical” may also be con- sidered for,hard
user-friendly,用户友好的,1,physiology,"evidence that provides a comprehensive, user-friendly",hard
user-generated,用户生成的,1,physiology,"Technology allows for social rewards through praise, for social support through ",hard
usual-pace,常速,2,metabolism,The 400-m usual-pace walk test has also been proven reliable as an assessment of,hard
variable-level,variable水平,1,physiology,Nuanced details of RT protocols and dose-response data require discus- sion for ,hard
vascular,血管的,20,physiology,It may also be that lifting to fatigue is inadvisable for cer- tain populations ,easy
vascularmed,血管医学,1,physiology,Society for Vascular Medicine: http://www.vascularmed.org,hard
vasculature,脉管系统,2,physiology,"Vasodilation of the large vessels (e.g., brachial artery) and resistance vascula",hard
vasculopathy,vasculopathy病,1,physiology,"Following cardiac transplant, individuals are at risk for several complications ",hard
vasoconstrictive,vasoconstric的,2,physiology,"Athletes should avoid vasoconstrictive medications, smoking, drugs, alcohol, and",hard
vasodilating,血管舒张的,1,physiology,II. Vasodilating agents,hard
vasodilation,血管舒张,3,physiology,Facial cold-induced vasodilation and skin temperature during exposure to cold wi,hard
vasodilators,血管扩张剂,3,physiology,"On average, this response is greater among men; increases with age; and is atten",hard
vasodilatory,血管舒张的,1,physiology,"PAH, pulmonary arterial stiffness and vasodilatory dysfunction increase",hard
vasoregulatory,vasoregulat的,1,physiology,Vasoregulatory abnormalities,hard
velocity-based,基于速度的,17,assessment,"Compared with CTRL, strength was impacted by engag- ing in standard RT (17,24,29",hard
venous,静脉的,12,cardiovascular,Although dizziness or syncope shortly after cessation of exercise should not be ,medium
ventilatory threshold,通气阈,6,assessment,"In addition, the use of open circuit spirometry during maximal exercise testing ",hard
ventilatory-derived,通气衍生的,2,physiology,"expired gas analysis, such as the respiratory exchange ratio (RER), ventilatory-",hard
ventricular fibrillation,心室颤动,5,physiology,"Table 1.4 summarizes the risks of various cardiac events including AMI, ventricu",hard
vertebrae,椎骨,3,physiology,atlanto-occipital instability (movement between the C1 vertebrae and the,hard
vertebral,椎骨的,5,physiology,causes deformities in the vertebral and sacroiliac joints,medium
vigorous intensity,高强度,80,prescription,Combinations of moderate and vigorous intensity exercise can be performed to mee,easy
vigorous physical activity,高强度体力活动,4,prescription,Figure 1.2 The relationship between habitual frequency of vigorous physical acti,hard
viscosity,viscos性质,1,fitness,Flexibility depends on a number of specific variables including distensibility o,hard
visit,就诊,2,fitness,"During the last visit with his cardiologist, which took place 2 yr ago, the card",hard
visual impairment,视力障碍,2,rehabilitation,"Watch for transient worsening of sensory and motor symptoms, most commonly, visu",hard
vo2,摄氧量,1,physiology,Relationship between peak Vo2 and 1- mile walk test performance of adolescent ma,hard
vo2max,最大摄氧量,3,assessment,The Concept of Maximal Oxygen Uptake Maximal volume of oxygen consumed per unit ,hard
volume-equated,容量等价的,2,prescription,"The impact of periodization on strength could not be determined, although one re",hard
volume-matched,容量匹配的,1,prescription,Muscle hypertrophy and strength gains after re- sistance training with different,hard
volume-reduction,volume-reduc过程,1,prescription,Pulmonary rehabilitation for patients who undergo lung- volume-reduction surgery,hard
waist-worn,腰戴式,1,physiology,"time measured via waist-worn accelerometry have been higher, at 7.7–8.0 h ∙ d−1 ",hard
walking-based,walking基础的,1,physiology,Walking-based,hard
warm-up,热身,44,prescription,The exercise test should begin with a 2- to 3-min warm-up to acquaint the indivi,easy
water exercise,水中运动,2,assessment,"LBP — For women experiencing LBP during pregnancy, an excellent alternative to l",hard
water-based,water基础的,1,physiology,A Comparison of Land and Water Based Mixed Exercise Interventions on Pain for Ad,hard
wbgt,WBGT指数（湿球黑球温度）,4,physiology,The greatest risk for heatstroke exists during very high intensity exercise of s,hard
website,网站,3,fitness,"To request permission, please contact Wolters Kluwer at Two Commerce Square, 200",hard
weight-bearing,负重的,17,metabolism,Cycle ergometers also provide a non–weight-bearing test modality in which work r,hard
weight-dependent,weight-depend的,1,cardiovascular,Oxygen uptake (during weight-dependent,hard
weight-related,weight相关的,1,metabolism,"exercise program (126), they may face additional, unique, weight-related",hard
weight-supported,减重支持的,3,metabolism,"Body weight-supported RT was a portion of some reviews, but was not studied as a",hard
well-being,幸福感,9,physiology,MEDICAL HISTORY AND CARDIOVASCULAR DISEASE RISK FACTOR ASSESSMENT The medical hi,hard
well-crafted,精心制作的,1,cardiovascular,"Thus, a well-crafted Ex Rx should aim to improve at least one component of healt",hard
well-defined,定义明确的,1,physiology,Exercise testing in this setting should be performed only as part of well-define,hard
well-designed,设计良好的,1,physiology,"Overall, there is a need for more rigorous and well-designed randomized",hard
well-established,公认的,1,physiology,HEALTH BENEFITS OF IMPROVING MUSCULAR FITNESS The health benefits of enhancing m,hard
well-fitting,合身的,1,physiology,Women with lymphedema should wear a well-fitting compression garment during exer,hard
well-known,众所周知的,2,cardiovascular,SEDENTARY BEHAVIOR AND HEALTH Despite the well-known health benefits of regular ,hard
well-recognized,公认的,2,physiology,"In an effort to reduce the risk of SCD incidence in young individuals, well-reco",hard
well-screened,充分筛查的,1,cardiovascular,"However, there is preliminary evidence that higher intensity exercise may be equ",hard
well-studied,充分研究的,1,physiology,Providing a variety of exercise modalities for people with ID could be helpful t,hard
well-trained,well训练的,2,physiology,Effects of variations in resistance training frequency on strength development i,hard
wet-bulb globe temperature,wet-bulb globe temperat过程,2,cardiovascular,The greatest risk for heatstroke exists during very high intensity exercise of s,hard
wheelchair-bound,轮椅束缚的,1,musculoskeletal,Essentially wheelchair-bound or bedbound,hard
wheelchair-dependent,wheelchair-depend的,1,cardiovascular,Physical capacity in wheelchair-dependent persons with a spinal cord injury: a c,hard
wheelchair-related,wheelchair相关的,1,musculoskeletal,Glenohumeral contact forces and muscle forces evaluated in wheelchair-related ac,hard
whole-body,whole身体,3,physiology,Densitometry The estimate of total body fat percentage can be derived from a mea,hard
wingate test,温盖特测试,1,assessment,Test-retest reliability of the 20-sec Wingate test to assess anaerobic power in ,hard
within-person,个体内的,1,cardiovascular,Unpacking the feel-good effect of free-time physical activity: between- and with,hard
within-session,within-ses过程,1,physiology,Within-session responses to high-intensity interval training in spinal cord inju,hard
wolff-parkinson-white,Wolff-Parkinson-White综合征,6,physiology,"Additionally, the exercise test with ECG alone is not useful for the diagnosis o",hard
worksite,工作场所,1,fitness,"May be self- employed or employed in commercial, community, studio, worksite hea",hard
world-report,世界报告,1,prescription,World Alzheimer’s Report: https://www.alz.co.uk/research/world-report,hard
wrist-worn,腕戴式,1,physiology,Effect of wrist-worn activity monitor feedback on physical activity behavior: a ,hard
y-balance,Y平衡测试,7,physiology,Two common field assessments of balance are the Balance Error Scoring System (BE,hard
y-balance test,Y平衡测试,6,assessment,Two common field assessments of balance are the Balance Error Scoring System (BE,hard
youth resistance training,青少年力量训练,1,fitness,"Generally, adult guidelines for resistance training may be applied (see Chapter ",hard
youth-growth,青少年成长,1,physiology,"Weight training in youth-growth, maturation, and safety: an evidence-based revie",hard
